Title,Date
"Absentia: Season 1: Comeback","2/13/26"
"The Lincoln Lawyer: Season 4: The Law Of Innocence","2/12/26"
"The Lincoln Lawyer: Season 4: October Surprise","2/12/26"
"The Lincoln Lawyer: Season 4: Bleeding The Beast","2/12/26"
"The Lincoln Lawyer: Season 4: Confirmation Bias","2/12/26"
"The Lincoln Lawyer: Season 4: Honor Among Thieves","2/12/26"
"The Lincoln Lawyer: Season 4: 50/50","2/12/26"
"The Lincoln Lawyer: Season 4: You're The One That I Want","2/12/26"
"The Lincoln Lawyer: Season 4: Forty Hours","2/11/26"
"The Lincoln Lawyer: Season 4: Baja","2/11/26"
"The Lincoln Lawyer: Season 4: 7211956","2/11/26"
"Falling Skies: Season 5: Reborn","2/10/26"
"Falling Skies: Season 5: Reunion","2/10/26"
"Falling Skies: Season 5: Stalag 14th Virginia","2/9/26"
"Falling Skies: Season 5: Everybody Has Their Reasons","2/9/26"
"Falling Skies: Season 5: Respite","2/9/26"
"Falling Skies: Season 5: Non-Essential Personnel","2/9/26"
"Falling Skies: Season 5: Pope Breaks Bad","2/9/26"
"Falling Skies: Season 5: Hatchlings","2/9/26"
"Falling Skies: Season 5: Hunger Pains","2/9/26"
"Falling Skies: Season 5: Find Your Warrior","2/9/26"
"Falling Skies: Season 4: Shoot the Moon","2/8/26"
"Falling Skies: Season 4: Space Oddity","2/8/26"
"Falling Skies: Season 4: Drawing Straws","2/8/26"
"Falling Skies: Season 4: Till Death Do Us Part","2/8/26"
"Falling Skies: Season 4: Evolve or Die","2/8/26"
"Falling Skies: Season 4: A Thing with Feathers","2/8/26"
"Falling Skies: Season 4: Saturday Night Massacre","2/8/26"
"Falling Skies: Season 4: Door Number Three","2/8/26"
"Falling Skies: Season 4: Mind Wars","2/8/26"
"Falling Skies: Season 4: Exodus","2/7/26"
"Falling Skies: Season 4: The Eye","2/7/26"
"Falling Skies: Season 4: Ghost in the Machine","2/7/26"
"Falling Skies: Season 3: Brazil","2/7/26"
"Falling Skies: Season 3: Journey to Xibalba","2/7/26"
"Falling Skies: Season 3: Strange Brew","2/7/26"
"Falling Skies: Season 3: The Pickett Line","2/7/26"
"Falling Skies: Season 3: Be Silent and Come Out","2/7/26"
"Falling Skies: Season 3: At All Costs","2/7/26"
"Falling Skies: Season 3: Search and Recover","2/7/26"
"Falling Skies: Season 3: Collateral Damage","2/7/26"
"Falling Skies: Season 3: Badlands","2/6/26"
"Falling Skies: Season 3: On Thin Ice","2/5/26"
"Falling Skies: Season 2: A More Perfect Union","2/5/26"
"Falling Skies: Season 2: The Price of Greatness","2/5/26"
"Falling Skies: Season 2: Death March","2/5/26"
"Falling Skies: Season 2: Molon Labe","2/5/26"
"Falling Skies: Season 2: Homecoming","2/4/26"
"Falling Skies: Season 2: Love and Other Acts of Courage","2/4/26"
"Falling Skies: Season 2: Young Bloods","2/4/26"
"Falling Skies: Season 2: Compass","2/4/26"
"Falling Skies: Season 2: Shall We Gather at the River","2/4/26"
"Falling Skies: Season 2: Worlds Apart","2/4/26"
"Falling Skies: Season 1: Eight Hours","2/4/26"
"Falling Skies: Season 1: Mutiny","2/4/26"
"Falling Skies: Season 1: What Hides Beneath","2/4/26"
"Falling Skies: Season 1: Sanctuary: Part 2","2/3/26"
"Falling Skies: Season 1: Sanctuary: Part 1","2/3/26"
"Falling Skies: Season 1: Silent Kill","2/2/26"
"Falling Skies: Season 1: Grace","2/2/26"
"Falling Skies: Season 1: Prisoner of War","2/2/26"
"Falling Skies: Season 1: The Armory","2/2/26"
"Falling Skies: Season 1: Live and Learn","2/2/26"
"The Big C: Season 4: The Finale: Part Two","2/2/26"
"The Big C: Season 4: The Finale: Part One","2/2/26"
"The Big C: Season 4: Quality of Death: Part Two","2/2/26"
"The Big C: Season 4: Quality of Death: Part One","2/1/26"
"The Big C: Season 4: You Can't Take It With You: Part Two","2/1/26"
"The Big C: Season 4: You Can't Take It With You: Part One","2/1/26"
"The Big C: Season 4: Quality of Life: Part Two","2/1/26"
"The Big C: Season 4: Quality of Life: Part One","2/1/26"
"The Big C: Season 3: Fly Away","2/1/26"
"The Big C: Season 3: Vaya Con Dios","2/1/26"
"The Big C: Season 3: Killjoy","2/1/26"
"The Big C: Season 3: How Bazaar","2/1/26"
"The Big C: Season 3: Life Rights","2/1/26"
"The Big C: Season 3: Face Off","2/1/26"
"The Big C: Season 3: Family Matters","2/1/26"
"The Big C: Season 3: Bundle of Joy","2/1/26"
"The Big C: Season 3: What's Your Story?","2/1/26"
"The Big C: Season 3: Thin Ice","2/1/26"
"The Big C: Season 2: Crossing the Line","2/1/26"
"The Big C: Season 2: The Darkest Day","1/31/26"
"The Big C: Season 2: Fight or Flight","1/31/26"
"The Big C: Season 2: How Do You Feel?","1/31/26"
"The Big C: Season 2: A Little Death","1/31/26"
"The Big C: Season 2: The Last Thanksgiving","1/31/26"
"The Big C: Season 2: Goldilocks and the Bears","1/31/26"
"The Big C: Season 2: The Little c","1/31/26"
"The Big C: Season 2: Cats and Dogs","1/31/26"
"The Big C: Season 2: Boo!","1/31/26"
"The Big C: Season 2: Sexual Healing","1/31/26"
"The Big C: Season 2: Musical Chairs","1/31/26"
"The Big C: Season 2: Losing Patients","1/31/26"
"The Big C: Season 1: Taking the Plunge","1/30/26"
"The Big C: Season 1: Everything That Rises Must Converge","1/30/26"
"Quantum Leap: Season 1: July 13th, 1985","1/30/26"
"The Big C: Season 1: New Beginnings","1/29/26"
"The Big C: Season 1: Divine Intervention","1/29/26"
"The Big C: Season 1: The Ecstasy and the Agony","1/29/26"
"The Big C: Season 1: Happy Birthday, Cancer","1/29/26"
"The Big C: Season 1: Two for the Road","1/29/26"
"The Big C: Season 1: Taking Lumps","1/29/26"
"The Big C: Season 1: Blue-Eyed Iris","1/29/26"
"The Big C: Season 1: Playing the Cancer Car","1/29/26"
"The Big C: Season 1: There's No C in Team","1/29/26"
"The Big C: Season 1: Summertime","1/29/26"
"The Big C: Season 1: The Big C","1/29/26"
"Prodigal Son: Season 2: The Last Weekend","1/27/26"
"Prodigal Son: Season 2: Sun and Fun","1/26/26"
"Prodigal Son: Season 2: You Can Run...","1/25/26"
"Prodigal Son: Season 2: Exit Strategy","1/25/26"
"Prodigal Son: Season 2: The Killabustas","1/25/26"
"Prodigal Son: Season 2: Ouroboros","1/25/26"
"Prodigal Son: Season 2: Face Value","1/25/26"
"Prodigal Son: Season 2: Head Case","1/25/26"
"Prodigal Son: Season 2: Bad Manners","1/23/26"
"Prodigal Son: Season 2: Take Your Father to Work Day","1/23/26"
"Prodigal Son: Season 2: Alma Mater","1/23/26"
"Prodigal Son: Season 1: Scheherazade","1/23/26"
"Prodigal Son: Season 2: Speak of the Devil","1/23/26"
"Prodigal Son: Season 2: It's All in the Execution","1/22/26"
"Prodigal Son: Season 1: Like Father...","1/22/26"
"Prodigal Son: Season 1: The Professionals","1/22/26"
"Prodigal Son: Season 1: Stranger Beside You","1/21/26"
"Prodigal Son: Season 1: The Job","1/21/26"
"Prodigal Son: Season 1: Death's Door","1/21/26"
"Prodigal Son: Season 1: Eye of the Needle","1/20/26"
"Prodigal Son: Season 1: Wait and Hope","1/20/26"
"Prodigal Son: Season 1: Internal Affairs","1/17/26"
"Prodigal Son: Season 1: Alone Time","1/17/26"
"Prodigal Son: Season 1: Silent Night","1/17/26"
"Prodigal Son: Season 1: Pied-A-Terre","1/17/26"
"Prodigal Son: Season 1: Family Friend","1/17/26"
"Prodigal Son: Season 1: Q&A","1/17/26"
"Prodigal Son: Season 1: All Souls and Sadists","1/16/26"
"Prodigal Son: Season 1: The Trip","1/16/26"
"Prodigal Son: Season 1: Designer Complicity","1/15/26"
"Prodigal Son: Season 1: Fear Response","1/15/26"
"Prodigal Son: Season 1: Annihilator","1/15/26"
"Dept. Q: Season 1: Episode 1","1/15/26"
"Prodigal Son: Season 1: Pilot","1/15/26"
"Animal Control: Season 1: Weasels and Ostriches","1/14/26"
"The Closer: Season 7: The Last Word","1/14/26"
"The Closer: Season 7: Armed Response","1/14/26"
"The Closer: Season 7: Last Rites","1/14/26"
"The Closer: Season 7: Drug Fiend","1/14/26"
"The Closer: Season 7: Fool's Gold","1/14/26"
"The Closer: Season 7: Hostile Witness","1/13/26"
"The Closer: Season 7: Silent Partner","1/13/26"
"The Closer: Season 7: Relative Matters","1/13/26"
"The Closer: Season 7: Road Block","1/13/26"
"The Closer: Season 7: You Have the Right to Remain Jolly","1/13/26"
"The Closer: Season 7: Necessary Evil","1/12/26"
"The Closer: Season 7: Fresh Pursuit","1/12/26"
"The Closer: Season 7: Star Turn","1/12/26"
"The Closer: Season 7: Death Warrant","1/12/26"
"The Closer: Season 7: Home Improvement","1/12/26"
"The Closer: Season 7: A Family Affair","1/12/26"
"Better Call Saul: Season 3: Witness","1/12/26"
"The Closer: Season 7: Forgive Us Our Trespasses","1/12/26"
"The Closer: Season 7: Under Control","1/12/26"
"The Closer: Season 7: To Serve with Love","1/12/26"
"The Closer: Season 7: Repeat Offender","1/12/26"
"The Closer: Season 6: Old Money","1/12/26"
"The Closer: Season 7: Unknown Trouble","1/12/26"
"The Closer: Season 6: An Ugly Game","1/11/26"
"The Closer: Season 6: Living Proof: Part 2","1/11/26"
"The Closer: Season 6: Living Proof: Part 1","1/11/26"
"The Closer: Season 6: High Crimes","1/11/26"
"The Closer: Season 6: Executive Order","1/11/26"
"The Closer: Season 6: Last Woman Standing","1/11/26"
"The Closer: Season 6: War Zone","1/11/26"
"The Closer: Season 6: Jump the Gun","1/10/26"
"The Closer: Season 6: Off the Hook","1/10/26"
"The Closer: Season 6: Heart Attack","1/10/26"
"The Closer: Season 6: Layover","1/10/26"
"The Closer: Season 5: Dead Man's Hand","1/10/26"
"The Closer: Season 6: In Custody","1/10/26"
"The Closer: Season 6: Help Wanted","1/10/26"
"The Closer: Season 6: The Big Bang","1/10/26"
"The Closer: Season 5: Make Over","1/10/26"
"The Closer: Season 5: The Life","1/10/26"
"The Closer: Season 5: Waivers of Extradition","1/10/26"
"The Closer: Season 5: Elysian Fields","1/10/26"
"The Closer: Season 5: Strike Three","1/10/26"
"The Closer: Season 5: Maternal Instincts","1/10/26"
"The Closer: Season 5: Smells Like Murder","1/10/26"
"The Closer: Season 5: Identity Theft","1/10/26"
"The Closer: Season 5: Tapped Out","1/9/26"
"The Closer: Season 5: Half Load","1/9/26"
"The Closer: Season 5: Walking Back the Cat","1/9/26"
"The Closer: Season 5: Red Tape","1/8/26"
"The Closer: Season 5: Blood Money","1/8/26"
"The Closer: Season 5: Products of Discovery","1/7/26"
"The Closer: Season 4: Double Blind","1/7/26"
"The Closer: Season 4: Fate Line","1/7/26"
"The Closer: Season 4: Power of Attorney","1/7/26"
"The Closer: Season 4: Junk in the Trunk","1/7/26"
"The Closer: Season 4: Good Faith","1/7/26"
"The Closer: Season 4: Time Bomb","1/7/26"
"The Closer: Season 4: Tijuana Brass","1/6/26"
"The Closer: Season 4: Split Ends","1/6/26"
"The Closer: Season 4: Sudden Death","1/6/26"
"The Closer: Season 4: Problem Child","1/6/26"
"The Closer: Season 4: Dial M for Provenza","1/6/26"
"The Closer: Season 4: Live Wire","1/5/26"
"The Closer: Season 4: Cherry Bomb","1/5/26"
"The Closer: Season 4: Speed Bump","1/5/26"
"The Closer: Season 4: Controlled Burn","1/5/26"
"The Closer: Season 3: Next of Kin: Part 2","1/5/26"
"The Closer: Season 3: Next of Kin: Part 1","1/5/26"
"The Closer: Season 3: Til Death Do Us Part: Part 2","1/5/26"
"The Closer: Season 3: Til Death Do Us Part: Part 1","1/5/26"
"The Closer: Season 3: Lovers Leap","1/5/26"
"The Closer: Season 3: Culture Shock","1/5/26"
"The Closer: Season 3: Blindsided","1/4/26"
"The Closer: Season 3: Manhunt","1/4/26"
"The Closer: Season 3: Four to Eight","1/4/26"
"The Closer: Season 3: Dumb Luck","1/4/26"
"The Closer: Season 3: The Round File","1/4/26"
"The Closer: Season 3: Ruby","1/4/26"
"The Closer: Season 3: Saving Face","1/3/26"
"The Closer: Season 3: Grave Doubts","1/3/26"
"The Closer: Season 2: Serving the King: Part 1","1/3/26"
"The Closer: Season 3: Homewrecker","1/3/26"
"The Closer: Season 2: Serving the King: Part 2","1/3/26"
"The Closer: Season 2: Overkill","1/2/26"
"The Closer: Season 2: No Good Deed","1/2/26"
"The Closer: Season 2: Borderline","1/2/26"
"The Closer: Season 2: The Other Woman","1/2/26"
"The Closer: Season 2: Heroic Measures","1/1/26"
"The Closer: Season 2: Critical Missing","1/1/26"
"The Closer: Season 2: Head Over Heels","1/1/26"
"The Closer: Season 2: Out of Focus","1/1/26"
"The Closer: Season 2: To Protect & to Serve","12/30/25"
"The Closer: Season 2: Slippin'","12/30/25"
"The Closer: Season 2: Blue Blood","12/30/25"
"The Closer: Season 2: Aftertaste","12/29/25"
"The Closer: Season 2: Mom Duty","12/29/25"
"The Closer: Season 1: Standards and Practices","12/28/25"
"The Closer: Season 1: Fatal Retraction","12/28/25"
"The Closer: Season 1: L.A. Woman","12/28/25"
"The Closer: Season 1: Batter Up","12/28/25"
"The Closer: Season 1: The Butler Did It","12/27/25"
"The Closer: Season 1: Good Housekeeping","12/27/25"
"The Closer: Season 1: You Are Here","12/27/25"
"The Closer: Season 1: Fantasy Date","12/27/25"
"The Closer: Season 1: Flashpoint","12/27/25"
"The Closer: Season 1: Show Yourself","12/26/25"
"The Closer: Season 1: The Big Picture","12/26/25"
"The Closer: Season 1: About Face","12/26/25"
"The Closer: Season 1: Pilot","12/26/25"
"Homeland: Season 8: Prisoners of War","12/24/25"
"Homeland: Season 8: The English Teacher","12/24/25"
"Homeland: Season 8: Designated Driver","12/24/25"
"Homeland: Season 8: In Full Flight","12/24/25"
"Homeland: Season 8: Threnody(s)","12/24/25"
"Homeland: Season 8: F**ker Shot Me","12/22/25"
"Homeland: Season 8: Two Minutes","12/22/25"
"Homeland: Season 8: Chalk Two Down","12/22/25"
"Homeland: Season 8: Chalk One Up","12/21/25"
"Homeland: Season 8: False Friends","12/21/25"
"Homeland: Season 8: Catch and Release","12/21/25"
"Homeland: Season 8: Deception Indicated","12/20/25"
"Homeland: Season 7: Paean to the People","12/20/25"
"Homeland: Season 7: All In","12/20/25"
"Homeland: Season 7: Clarity","12/20/25"
"Homeland: Season 7: Useful Idiot","12/15/25"
"Homeland: Season 7: Lies, Amplifiers, F**king Twitter","12/15/25"
"Homeland: Season 7: Andante","12/15/25"
"Homeland: Season 7: Species Jump","12/15/25"
"Homeland: Season 7: Active Measures","12/15/25"
"Homeland: Season 7: Like Bad at Things","12/15/25"
"Homeland: Season 7: Standoff","12/14/25"
"Homeland: Season 7: Rebel Rebel","12/14/25"
"Homeland: Season 7: Enemy of the State","12/14/25"
"Homeland: Season 6: America First","12/14/25"
"Homeland: Season 6: R for Romeo","12/14/25"
"Homeland: Season 6: The Flag House","12/14/25"
"Homeland: Season 6: Sock Puppets","12/14/25"
"Homeland: Season 6: Alt.Truth","12/14/25"
"Homeland: Season 6: Imminent Risk","12/14/25"
"Homeland: Season 6: Fair Game","12/14/25"
"Homeland: Season 6: The Return","12/13/25"
"Homeland: Season 6: Casus Belli","12/13/25"
"Homeland: Season 6: A Flash of Light","12/13/25"
"Homeland: Season 6: The Covenant","12/13/25"
"Homeland: Season 6: The Man in the Basement","12/13/25"
"Homeland: Season 5: A False Glimmer","12/13/25"
"Homeland: Season 5: Our Man in Damascus","12/13/25"
"Homeland: Season 5: New Normal","12/13/25"
"Homeland: Season 5: The Litvinov Ruse","12/13/25"
"Homeland: Season 5: All About Allison","12/13/25"
"Homeland: Season 5: Oriole","12/9/25"
"Homeland: Season 5: Parabiosis","12/9/25"
"Homeland: Season 5: Better Call Saul","12/9/25"
"Homeland: Season 5: Why Is This Night Different?","12/9/25"
"Homeland: Season 5: Super Powers","12/9/25"
"Homeland: Season 5: The Tradition of Hospitality","12/9/25"
"Homeland: Season 4: There's Something Else Going On","12/9/25"
"Homeland: Season 5: Separation Anxiety","12/9/25"
"Homeland: Season 4: Long Time Coming","12/9/25"
"Homeland: Season 4: Krieg Nicht Lieb","12/9/25"
"Homeland: Season 4: 13 Hours in Islamabad","12/9/25"
"Homeland: Season 4: Halfway to a Donut","12/8/25"
"Homeland: Season 4: Redux","12/8/25"
"Homeland: Season 4: From A to B and Back Again","12/8/25"
"Homeland: Season 4: About a Boy","12/8/25"
"Homeland: Season 4: Iron in the Fire","12/8/25"
"Homeland: Season 4: Shalwar Kameez","12/8/25"
"Homeland: Season 4: Trylon and Perisphere","12/7/25"
"Homeland: Season 4: The Drone Queen","12/7/25"
"Homeland: Season 3: The Star","12/7/25"
"Homeland: Season 3: Big Man in Tehran","12/6/25"
"Homeland: Season 3: Good Night","12/6/25"
"Homeland: Season 3: One Last Thing","12/6/25"
"Homeland: Season 3: A Red Wheelbarrow","12/6/25"
"Homeland: Season 3: Gerontion","12/6/25"
"Homeland: Season 3: Still Positive","12/6/25"
"Homeland: Season 3: The Yoga Play","12/6/25"
"Homeland: Season 3: Game On","12/6/25"
"Homeland: Season 3: Tower of David","12/6/25"
"Homeland: Season 3: Uh... Oh... Ah...","12/6/25"
"Homeland: Season 3: Tin Man Is Down","12/6/25"
"Homeland: Season 2: The Choice","12/5/25"
"Homeland: Season 2: In Memoriam","12/5/25"
"Homeland: Season 2: Broken Hearts","12/5/25"
"Homeland: Season 2: Two Hats","12/5/25"
"Homeland: Season 2: I'll Fly Away","12/5/25"
"Homeland: Season 2: The Clearing","12/5/25"
"Homeland: Season 2: A Gettysburg Address","12/5/25"
"Homeland: Season 2: Q&A","12/4/25"
"Homeland: Season 2: New Car Smell","12/4/25"
"Homeland: Season 2: State of Independence","12/3/25"
"Homeland: Season 2: Beirut Is Back","12/2/25"
"Homeland: Season 2: The Smile","12/2/25"
"Homeland: Season 1: Marine One","12/2/25"
"Homeland: Season 1: The Vest","12/2/25"
"Homeland: Season 1: Representative Brody","12/2/25"
"Homeland: Season 1: The Weekend","12/2/25"
"Homeland: Season 1: Crossfire","12/1/25"
"Homeland: Season 1: Achilles Heel","12/1/25"
"Homeland: Season 1: The Good Soldier","12/1/25"
"Homeland: Season 1: Blind Spot","11/30/25"
"Homeland: Season 1: Semper I","11/30/25"
"Homeland: Season 1: Pilot","11/30/25"
"Homeland: Season 1: Clean Skin","11/30/25"
"Homeland: Season 1: Grace","11/30/25"
"StartUp: Season 3: Trading Up","11/30/25"
"StartUp: Season 3: Questionable Costs","11/30/25"
"StartUp: Season 3: Profit and Loss","11/30/25"
"StartUp: Season 3: Limited Liability","11/30/25"
"StartUp: Season 3: Authentication","11/30/25"
"StartUp: Season 3: Diversification","11/30/25"
"StartUp: Season 3: Depreciation","11/30/25"
"StartUp: Season 3: Sweat Equity","11/30/25"
"StartUp: Season 3: Guerilla","11/30/25"
"StartUp: Season 3: Rebranding","11/30/25"
"StartUp: Season 2: Soul Proprietor","11/30/25"
"StartUp: Season 2: Leverage","11/29/25"
"StartUp: Season 2: Opportunity Cost","11/29/25"
"StartUp: Season 2: Growth Hacking","11/29/25"
"StartUp: Season 1: Bootstrapped","11/29/25"
"StartUp: Season 2: Liabilities","11/29/25"
"StartUp: Season 2: Pivot","11/29/25"
"StartUp: Season 2: Loss","11/29/25"
"StartUp: Season 2: Early Adopters","11/29/25"
"StartUp: Season 2: Bleeding Edge","11/28/25"
"StartUp: Season 2: Disruption","11/28/25"
"StartUp: Season 1: Recapitalization","11/28/25"
"StartUp: Season 1: Hostile Takeover","11/28/25"
"StartUp: Season 1: Pro Rata","11/28/25"
"StartUp: Season 1: Valuation","11/27/25"
"StartUp: Season 1: Buyout","11/26/25"
"StartUp: Season 1: Angel Investor","11/26/25"
"StartUp: Season 1: Seed Money","11/26/25"
"StartUp: Season 1: Proof of Concept","11/25/25"
"StartUp: Season 1: Ground Floor","11/25/25"
"A Man on the Inside: Season 2: Final Exams","11/25/25"
"A Man on the Inside: Season 2: Group Project","11/25/25"
"A Man on the Inside: Season 2: Extracurriculars","11/25/25"
"A Man on the Inside: Season 2: Family Weekend","11/25/25"
"A Man on the Inside: Season 2: Thanksgiving Break","11/25/25"
"A Man on the Inside: Season 2: Spirit Week","11/25/25"
"A Man on the Inside: Season 2: Major Declaration","11/24/25"
"A Man on the Inside: Season 2: Orientation","11/24/25"
"Blindspot: Season 5: Iunne Ennui","11/24/25"
"Blindspot: Season 5: Love You to Bits and Bytes","11/24/25"
"Blindspot: Season 5: Brass Tacks","11/24/25"
"Blindspot: Season 5: Ghost Train","11/24/25"
"Blindspot: Season 5: Awl In","11/24/25"
"Blindspot: Season 5: Fire & Brimstone","11/23/25"
"Blindspot: Season 5: Head Games","11/23/25"
"Blindspot: Season 5: And My Axe!","11/23/25"
"Blindspot: Season 5: Existential Ennui","11/23/25"
"Blindspot: Season 5: We Didn't Start the Fire","11/22/25"
"Blindspot: Season 5: I Came to Sleigh","11/22/25"
"Blindspot: Season 4: The Gang Gets Gone","11/22/25"
"Blindspot: Season 4: Masters of War 1:5-8","11/22/25"
"Blindspot: Season 4: Coder to Killer","11/22/25"
"Blindspot: Season 4: Everybody Hates Kathy","11/22/25"
"Blindspot: Season 4: 'Ohana","11/22/25"
"Blindspot: Season 4: The Night of the Dying Breath","11/22/25"
"Blindspot: Season 4: The One Where Jane Visits an Old Friend","11/22/25"
"Blindspot: Season 4: Frequently Recurring Struggle for Existence","11/22/25"
"Blindspot: Season 4: The Big Blast From the Past Episode","11/22/25"
"Blindspot: Season 4: Check Your Ed","11/22/25"
"Blindspot: Season 4: Though This Be Madness, Yet There Is Method In't","11/21/25"
"Blindspot: Season 4: The Tale of the Book of Secrets","11/21/25"
"Blindspot: Season 4: Careless Whisper","11/21/25"
"Blindspot: Season 4: The Big Reveal","11/21/25"
"Blindspot: Season 4: Screech, Thwack, Pow","11/20/25"
"Blindspot: Season 4: Case: Sun, Moon, and the Truth","11/20/25"
"Blindspot: Season 4: Ca-Ca-Candidate for Cri-Cri-Crime","11/20/25"
"Blindspot: Season 4: Naughty Monkey Kicks at Tree","11/20/25"
"Blindspot: Season 4: Sous-vide","11/20/25"
"Blindspot: Season 4: The Quantico Affair","11/18/25"
"Blindspot: Season 4: My Art Project","11/18/25"
"Blindspot: Season 4: Hella Duplicitous","11/18/25"
"Blindspot: Season 3: In Memory","11/18/25"
"Blindspot: Season 3: Defection","11/17/25"
"Blindspot: Season 3: Let It Go","11/17/25"
"Blindspot: Season 3: Galaxy of Minds","11/17/25"
"Blindspot: Season 3: Clamorous Night","11/17/25"
"Blindspot: Season 3: Mum's the Word","11/17/25"
"Blindspot: Season 3: Artful Dodge","11/17/25"
"Blindspot: Season 3: Deductions","11/16/25"
"Blindspot: Season 3: Everlasting","11/16/25"
"Blindspot: Season 3: Warning Shot","11/16/25"
"Blindspot: Season 3: Two Legendary Chums","11/16/25"
"Blindspot: Season 3: Technology Wizards","11/16/25"
"Blindspot: Season 3: Balance of Might","11/16/25"
"Blindspot: Season 3: Hot Burning Flames","11/16/25"
"Blindspot: Season 3: City Folk Under Wraps","11/16/25"
"Blindspot: Season 3: Fix My Present Havoc","11/16/25"
"You: Season 1: Amour Fou","11/16/25"
"You: Season 1: Living with the Enemy","11/16/25"
"You: Season 1: The Captain","11/16/25"
"Blindspot: Season 3: Adoring Suspect","11/15/25"
"Blindspot: Season 3: This Profound Legacy","11/15/25"
"You: Season 1: Maybe","11/15/25"
"You: Season 1: The Last Nice Guy in New York","11/15/25"
"You: Season 1: Pilot","11/15/25"
"Blindspot: Season 3: Gunplay Ricochet","11/14/25"
"Blindspot: Season 3: Upside Down Craft","11/14/25"
"Blindspot: Season 3: Enemy Bag of Tricks","11/14/25"
"Blindspot: Season 3: Back to the Grind","11/14/25"
"Blindspot: Season 2: Lepers Repel","11/14/25"
"Better Call Saul: Season 3: Mabel","11/14/25"
"Blindspot: Season 2: Mom","11/14/25"
"Blindspot: Season 2: In Words, Drown I","11/13/25"
"Blindspot: Season 2: Devil Never Even Lived","11/13/25"
"Blindspot: Season 2: Regard a Mere Mad Rager","11/13/25"
"Blindspot: Season 2: Senile Lines","11/12/25"
"Blindspot: Season 2: Solos","11/12/25"
"Blindspot: Season 2: Evil Did I Dwell, Lewd I Did Live","11/12/25"
"Blindspot: Season 2: Draw O Caesar, Erase a Coward","11/12/25"
"Blindspot: Season 2: Borrow or Rob","11/12/25"
"Blindspot: Season 2: Name Not One Man","11/12/25"
"Blindspot: Season 2: Droll Autumn, Unmutual Lord","11/11/25"
"Blindspot: Season 2: Nor I, Nigel, AKA Leg in Iron","11/11/25"
"Blindspot: Season 2: Why Let Cooler Pasture Deform","11/11/25"
"Blindspot: Season 2: We Fight Deaths on Thick Lone Waters","11/11/25"
"Blindspot: Season 2: Resolves Eleven Myths","11/11/25"
"Blindspot: Season 2: Her Spy's Harmed","11/11/25"
"Blindspot: Season 2: Condone Untidiest Thefts","11/11/25"
"Blindspot: Season 2: If Beth","11/11/25"
"Blindspot: Season 2: Hero Fears Imminent Rot","11/10/25"
"Blindspot: Season 2: Heave Fiery Knot","11/10/25"
"Blindspot: Season 2: In Night So Ransomed Rogue","11/10/25"
"Blindspot: Season 1: Why Await Life's End","11/10/25"
"Blindspot: Season 1: If Love a Rebel, Death Will Render","11/10/25"
"Blindspot: Season 1: Of Whose Uneasy Route","11/9/25"
"Blindspot: Season 1: Swift Hardhearted Stone","11/9/25"
"Blindspot: Season 1: In the Comet of Us","11/9/25"
"Blindspot: Season 1: One Begets Technique","11/9/25"
"Blindspot: Season 1: Older Cutthroat Canyon","11/8/25"
"Blindspot: Season 1: Cease Forcing Enemy","11/8/25"
"Blindspot: Season 1: Mans Telepathic Loyal Lookouts","11/8/25"
"Blindspot: Season 1: Any Wounded Thief","11/8/25"
"Blindspot: Season 1: Rules in Defiance","11/8/25"
"Blindspot: Season 1: Erase Weary Youth","11/8/25"
"Blindspot: Season 1: Scientists Hollow Fortune","11/8/25"
"Blindspot: Season 1: Evil Handmade Instrument","11/6/25"
"Blindspot: Season 1: Authentic Flirt","11/6/25"
"Blindspot: Season 1: Persecute Envoys","11/6/25"
"Blindspot: Season 1: Sent on Tour","11/6/25"
"Blindspot: Season 1: Cede Your Soul","11/5/25"
"Blindspot: Season 1: Split the Law","11/5/25"
"Blindspot: Season 1: Bone May Rot","11/5/25"
"Blindspot: Season 1: Eight Slim Grins","11/5/25"
"Blindspot: Season 1: A Stray Howl","11/5/25"
"Blindspot: Season 1: Pilot","11/3/25"
"Dark Winds: Season 1: Monster Slayer","11/3/25"
"The Asset: Season 1: What Was Your Name Again?","11/2/25"
"The Asset: Season 1: Into the Deep","11/1/25"
"The Asset: Season 1: Nowhere to Run","11/1/25"
"The Lazarus Project: Season 2: Episode 8","11/1/25"
"The Lazarus Project: Season 2: Episode 7","11/1/25"
"The Lazarus Project: Season 2: Episode 6","11/1/25"
"The Lazarus Project: Season 2: Episode 5","11/1/25"
"The Lazarus Project: Season 2: Episode 4","11/1/25"
"The Asset: Season 1: Blood and Balloons","11/1/25"
"The Asset: Season 1: Back from Dubai","11/1/25"
"The Asset: Season 1: Building the Legend","10/31/25"
"A HOUSE OF DYNAMITE","10/31/25"
"The Lazarus Project: Season 2: Episode 3","10/30/25"
"The Lazarus Project: Season 2: Episode 2","10/30/25"
"The Lazarus Project: Season 2: Episode 1","10/28/25"
"The Lazarus Project: Episode 8","10/28/25"
"The Lazarus Project: Episode 7","10/28/25"
"The Lazarus Project: Episode 6","10/27/25"
"The Lazarus Project: Episode 5","10/27/25"
"The Lazarus Project: Episode 4","10/27/25"
"The Lazarus Project: Episode 3","10/26/25"
"The Lazarus Project: Episode 2","10/26/25"
"The Lazarus Project: Episode 1","10/26/25"
"The Diplomat: Season 3: Schrodinger's Wife","10/20/25"
"The Diplomat: Season 3: PNG","10/20/25"
"The Diplomat: Season 3: Amagansett","10/20/25"
"The Diplomat: Season 3: Birdwatchers","10/20/25"
"The Diplomat: Season 3: Arden","10/20/25"
"The Diplomat: Season 3: The Riderless Horse","10/20/25"
"The Diplomat: Season 3: Last Dance at the Country Club","10/19/25"
"The Diplomat: Season 3: Emperor Dead","10/19/25"
"Tires: Season 1: The Initiative","10/19/25"
"Tires: Season 2: At What Cost","10/19/25"
"Tires: Season 2: Misery Has Company","10/19/25"
"Tires: Season 2: Patriots and Traitors","10/19/25"
"Tires: Season 2: The Radio Ad","10/19/25"
"Tires: Season 2: Retirement","10/19/25"
"Tires: Season 2: Free Fries","10/19/25"
"Tires: Season 2: The Tri-State Mid Market Tire Expo","10/19/25"
"Tires: Season 2: Record High","10/19/25"
"S.W.A.T.: Season 8: Return To Base","10/19/25"
"S.W.A.T.: Season 8: Ride Or Die","10/18/25"
"S.W.A.T.: Season 8: Devil Dog","10/18/25"
"S.W.A.T.: Season 8: Run To Ground","10/18/25"
"S.W.A.T.: Season 8: Exploited","10/18/25"
"S.W.A.T.: Season 8: Enemy Within, The","10/17/25"
"S.W.A.T.: Season 8: Hail Mary","10/17/25"
"S.W.A.T.: Season 8: Hostages","10/17/25"
"S.W.A.T.: Season 8: Santa Clara, The","10/17/25"
"S.W.A.T.: Season 8: High Ground","10/17/25"
"S.W.A.T.: Season 8: Deep Cover","10/17/25"
"S.W.A.T.: Season 8: Amber","10/17/25"
"S.W.A.T.: Season 8: The Heights","10/17/25"
"S.W.A.T.: Season 8: Open Season","10/16/25"
"S.W.A.T.: Season 8: Left Of Boom","10/16/25"
"S.W.A.T.: Season 8: Human Interest","10/16/25"
"S.W.A.T.: Season 8: Home","10/16/25"
"S.W.A.T.: Season 8: Hot Button","10/16/25"
"S.W.A.T.: Season 8: The Sepulveda Protocol","10/13/25"
"S.W.A.T.: Season 8: Life","10/13/25"
"Tires: Season 2: Shiny New Thing","10/12/25"
"Tires: Season 2: Inspection","10/12/25"
"Tires: Season 2: HR","10/12/25"
"Tires: Season 2: Bonus Money","10/12/25"
"Tires: Season 1: Dad","10/12/25"
"Tires: Season 1: Bikini Car Wash","10/12/25"
"Tires: Season 1: The Rumor Mill","10/12/25"
"Tires: Season 1: Sales Contest","10/11/25"
"Tires: Season 1: Windows of Opportunity","10/11/25"
"S.W.A.T.: Season 8: Gang Unit","10/11/25"
"S.W.A.T.: Season 8: Vanished","9/29/25"
"Crime Scene: The Texas Killing Fields: Limited Series: The Reckoning","9/2/25"
"Delicious in Dungeon: Episode 2: Roast Basilisk/Omelet/Kakiage","6/23/25"
"Delicious in Dungeon: Episode 1: Hot Pot/Tart","6/23/25"
"Now You See Me 2","6/18/25"
"The Old Guard","5/18/25"
"The Four Seasons: Garden Party","5/16/25"
"The Four Seasons: Eco Resort","5/12/25"
"The Four Seasons: Lake House","5/12/25"
"Kim's Convenience: Season 5: Family Business","5/10/25"
"Kim's Convenience: Season 5: Hugs & Prayers","5/9/25"
"Kim's Convenience: Season 5: Matchy Matchy","5/8/25"
"Kim's Convenience: Season 5: Slippery Slope","5/8/25"
"Kim's Convenience: Season 5: Who's Pranking Who?","5/8/25"
"Kim's Convenience: Season 5: Field of Schemes","5/8/25"
"Kim's Convenience: Season 5: Chance Encounter","5/8/25"
"Kim's Convenience: Season 5: Cookie Monster","5/8/25"
"Kim's Convenience: Season 5: A Tangled Web","5/8/25"
"Kim's Convenience: Season 5: Tennis Anyone?","5/8/25"
"Kim's Convenience: Season 5: Appa & Linus","5/8/25"
"Kim's Convenience: Season 5: Channouncements","5/7/25"
"Kim's Convenience: Season 5: Parking Pass","5/7/25"
"Kim's Convenience: Season 4: Bon Voyage","5/7/25"
"Kim's Convenience: Season 4: Knife Strife","5/7/25"
"Kim's Convenience: Season 4: Birds of a Feather","5/7/25"
"Kim's Convenience: Season 4: In the Bedroom","5/7/25"
"Kim's Convenience: Season 4: Which Witch is Which","5/7/25"
"Kim's Convenience: Season 3: Appanticitis","5/7/25"
"Kim's Convenience: Season 4: Chammo!","5/7/25"
"Kim's Convenience: Season 4: Beacon of Truth","5/7/25"
"Kim's Convenience: Season 4: Soccer Dad","5/7/25"
"Kim's Convenience: Season 4: Thinkin’ ‘bout Inkin’","5/7/25"
"Kim's Convenience: Season 4: Happy Ummaversary","5/7/25"
"Kim's Convenience: Season 4: The Help","5/7/25"
"Kim's Convenience: Season 4: Couch Surfing","5/7/25"
"Kim's Convenience: Season 4: The Trollop","5/7/25"
"Kim's Convenience: Season 3: Lord of the Ring","5/7/25"
"Kim's Convenience: Season 3: Hit 'n' Fun","5/7/25"
"Kim's Convenience: Season 3: Elephant in the Room","5/7/25"
"Kim's Convenience: Season 3: Blabber Talker","5/7/25"
"Kim's Convenience: Season 3: To Him It May Concern","5/7/25"
"Kim's Convenience: Season 3: Appanoon Delight","5/7/25"
"Kim's Convenience: Season 3: The Kim Cup","5/7/25"
"Kim's Convenience: Season 3: Army Spoon","5/6/25"
"Kim's Convenience: Season 3: Thy Neighbour's Wifi","5/6/25"
"Kim's Convenience: Season 3: Open Kimunication","5/6/25"
"Kim's Convenience: Season 3: Cutie Pie","5/6/25"
"Kim's Convenience: Season 3: New Appa-liance","5/6/25"
"Kim's Convenience: Season 2: Handy Graduation","5/6/25"
"Kim's Convenience: Season 2: Appa’s First Text","5/6/25"
"Kim's Convenience: Season 2: Good Neighbours","5/6/25"
"Kim's Convenience: Season 2: Janet’s Boyfriend","5/6/25"
"Kim's Convenience: Season 2: New TV","5/6/25"
"Kim's Convenience: Season 2: Janet’s Roommate","5/6/25"
"Kim's Convenience: Season 2: Silent Auction","5/6/25"
"Kim's Convenience: Season 2: Sneak Attack","5/6/25"
"Kim's Convenience: Season 2: Resting Place","5/6/25"
"Kim's Convenience: Season 2: Date Night","5/6/25"
"Kim's Convenience: Season 2: Cardboard Jung","5/6/25"
"Kim's Convenience: Season 2: House Guest","5/6/25"
"Kim's Convenience: Season 2: Business Award","5/6/25"
"Kim's Convenience: Season 1: Family Singing Contest","5/6/25"
"Kim's Convenience: Season 1: Appa's Lump","5/6/25"
"Kim's Convenience: Season 1: Handyman","5/6/25"
"Kim's Convenience: Season 1: Janet's New Job","5/6/25"
"Kim's Convenience: Season 1: Best Before","5/6/25"
"Kim's Convenience: Season 1: Service","5/6/25"
"Kim's Convenience: Season 1: Hapkido","5/6/25"
"Kim's Convenience: Season 1: Rude Kid","5/6/25"
"Kim's Convenience: Season 1: Wingman","5/6/25"
"Kim's Convenience: Season 1: Frank & Nayoung","5/6/25"
"Kim's Convenience: Season 1: Ddong Chim","5/6/25"
"Kim's Convenience: Season 1: Janet's Photos","5/6/25"
"Kim's Convenience: Season 1: Gay Discount","5/6/25"
"You: Season 5: Finale","5/5/25"
"You: Season 5: Trial of the Furies","5/5/25"
"You: Season 5: Folie a Deux","5/5/25"
"You: Season 5: #JoeGoldberg","5/4/25"
"You: Season 5: The Dark Face of Love","5/4/25"
"You: Season 5: Last Dance","5/4/25"
"You: Season 5: My Fair Maddie","5/4/25"
"You: Season 5: Impostor Syndrome","5/4/25"
"You: Season 4: The Death of Jonathan Moore","5/4/25"
"You: Season 5: Blood Will Have Blood","5/3/25"
"You: Season 5: The Luckiest Guy in NY","5/3/25"
"You: Season 4: She's Not There","5/3/25"
"You: Season 4: Where Are You Going, Where Have You Been?","5/3/25"
"You: Season 4: Good Man, Cruel World","5/3/25"
"You: Season 4: Best of Friends","5/3/25"
"You: Season 4: The Fox and the Hound","5/3/25"
"You: Season 4: Hampsie","5/3/25"
"You: Season 4: Eat the Rich","5/3/25"
"You: Season 4: Portrait of the Artist","5/3/25"
"You: Season 4: Joe Takes a Holiday","5/3/25"
"You: Season 3: What Is Love?","5/3/25"
"You: Season 3: Red Flag","5/2/25"
"You: Season 3: Swing and a Miss","5/2/25"
"You: Season 3: We're All Mad Here","5/2/25"
"You: Season 3: W.O.M.B.","5/2/25"
"You: Season 3: Into the Woods","5/2/25"
"You: Season 3: Hands Across Madre Linda","5/2/25"
"You: Season 3: Missing White Woman Syndrome","5/2/25"
"You: Season 3: So I Married an Axe Murderer","4/30/25"
"You: Season 3: And They Lived Happily Ever After","4/30/25"
"You: Season 2: Love, Actually","4/30/25"
"You: Season 2: P.I. Joe","4/30/25"
"You: Season 2: Fear and Loathing in Beverly Hills","4/30/25"
"You: Season 2: Ex-istential Crisis","4/30/25"
"You: Season 2: Farewell, My Bunny","4/30/25"
"You: Season 2: Have a Good Wellkend, Joe!","4/30/25"
"You: Season 2: The Good, the Bad, & the Hendy","4/29/25"
"You: Season 2: What Are Friends For?","4/29/25"
"You: Season 2: Just the Tip","4/29/25"
"You: Season 2: A Fresh Start","4/29/25"
"You: Season 1: Bluebeard's Castle","4/29/25"
"You: Season 1: Candace","4/29/25"
"You: Season 1: You Got Me, Babe","4/29/25"
"You: Season 1: Everythingship","4/29/25"
"A Discovery of Witches: Season 3: Episode 7","4/26/25"
"A Discovery of Witches: Season 3: Episode 6","4/26/25"
"Young Sheldon: Season 7: Memoir","4/24/25"
"Young Sheldon: Season 7: Funeral","4/24/25"
"Young Sheldon: Season 7: A New Home and a Traditional Texas Torture","4/24/25"
"Young Sheldon: Season 7: A Little Snip and Teaching Old Dogs","4/24/25"
"Young Sheldon: Season 7: Community Service and the Key to a Happy Marriage","4/24/25"
"Young Sheldon: Season 7: A Fancy Article and a Scholarship for a Baby","4/24/25"
"Young Sheldon: Season 7: An Ankle Monitor and a Big Plastic Crap House","4/24/25"
"Young Sheldon: Season 7: A Proper Wedding and Skeletons in the Closet","4/24/25"
"Young Sheldon: Season 7: Baptists, Catholics and an Attempted Drowning","4/24/25"
"Young Sheldon: Season 7: A Frankenstein's Monster and a Crazy Church Guy","4/24/25"
"Young Sheldon: Season 7: Ants on a Log and a Cheating Winker","4/24/25"
"Young Sheldon: Season 7: A Strudel and a Hot American Boy Toy","4/24/25"
"Young Sheldon: Season 7: A Roulette Wheel and a Piano Playing Dog","4/24/25"
"Young Sheldon: Season 7: A Wiener Schnitzel and Underwear in a Tree","4/24/25"
"Everybody’s Live with John Mulaney: Are Dinosaurs Put Together Correctly?","4/24/25"
"Young Sheldon: Season 6: College Dropouts and the Medford Miracle","4/24/25"
"Young Sheldon: Season 6: Legalese and a Whole Hoo-Ha","4/23/25"
"A Discovery of Witches: Season 3: Episode 5","4/23/25"
"A Discovery of Witches: Season 3: Episode 1","4/23/25"
"A Discovery of Witches: Season 3: Episode 4","4/23/25"
"A Discovery of Witches: Season 3: Episode 3","4/23/25"
"A Discovery of Witches: Season 3: Episode 2","4/23/25"
"A Discovery of Witches: Season 2: Episode 10","4/23/25"
"A Discovery of Witches: Season 2: Episode 8","4/23/25"
"A Discovery of Witches: Season 2: Episode 9","4/22/25"
"A Discovery of Witches: Season 2: Episode 7","4/22/25"
"A Discovery of Witches: Season 2: Episode 4","4/22/25"
"A Discovery of Witches: Season 2: Episode 6","4/22/25"
"A Discovery of Witches: Season 2: Episode 5","4/22/25"
"A Discovery of Witches: Season 2: Episode 3","4/22/25"
"A Discovery of Witches: Season 2: Episode 2","4/22/25"
"A Discovery of Witches: Season 2: Episode 1","4/22/25"
"A Discovery of Witches: Season 1: Episode 8","4/22/25"
"A Discovery of Witches: Season 1: Episode 2","4/22/25"
"A Discovery of Witches: Season 1: Episode 7","4/21/25"
"A Discovery of Witches: Season 1: Episode 6","4/21/25"
"A Discovery of Witches: Season 1: Episode 5","4/21/25"
"A Discovery of Witches: Season 1: Episode 4","4/21/25"
"A Discovery of Witches: Season 1: Episode 3","4/21/25"
"A Discovery of Witches: Season 1: Episode 1","4/21/25"
"Big Mouth: Season 6: F**ked Up Friday","4/20/25"
"Big Mouth: Season 6: The Parents Aren't Alright","4/20/25"
"Big Mouth: Season 6: Asexual Healing","4/20/25"
"Big Mouth: Season 6: Dadda Dia!","4/20/25"
"Un-Real: Season 4: Sudden Death","4/20/25"
"Un-Real: Season 4: Bluff","4/20/25"
"Un-Real: Season 4: Double Down","4/20/25"
"Un-Real: Season 4: Tilt","4/20/25"
"Un-Real: Season 4: No Limit","4/20/25"
"Un-Real: Season 4: Cold Call","4/20/25"
"Un-Real: Season 4: Wild Card","4/20/25"
"Un-Real: Season 4: All In","4/20/25"
"Un-Real: Season 3: Commitment","4/20/25"
"Un-Real: Season 3: Codependence","4/20/25"
"Un-Real: Season 3: Recurrent","4/20/25"
"Un-Real: Season 3: Projection","4/19/25"
"Un-Real: Season 3: Transference","4/19/25"
"Un-Real: Season 3: Gestalt","4/19/25"
"Un-Real: Season 3: Confront","4/19/25"
"Un-Real: Season 3: Clarity","4/19/25"
"Un-Real: Season 3: Shield","4/19/25"
"Un-Real: Season 3: Oath","4/19/25"
"Un-Real: Season 2: Friendly Fire","4/19/25"
"Un-Real: Season 2: Espionage","4/19/25"
"Un-Real: Season 2: Ambush","4/19/25"
"Un-Real: Season 2: Fugitive","4/18/25"
"Un-Real: Season 2: Casualty","4/17/25"
"Un-Real: Season 2: Infiltration","4/17/25"
"Un-Real: Season 2: Treason","4/16/25"
"Un-Real: Season 2: Guerilla","4/16/25"
"The Glass Dome: Limited Series: Episode 1","4/16/25"
"Un-Real: Season 2: Insurgent","4/16/25"
"Un-Real: Season 2: War","4/16/25"
"Un-Real: Future","4/16/25"
"Un-Real: Princess","4/15/25"
"Un-Real: Truth","4/15/25"
"Un-Real: Two","4/15/25"
"Un-Real: Savior","4/15/25"
"Un-Real: Fly","4/15/25"
"Un-Real: Wife","4/15/25"
"Un-Real: Mother","4/15/25"
"Un-Real: Relapse","4/14/25"
"Un-Real: Return","4/14/25"
"How to Sell Drugs Online (Fast): Season 4: How Did That Ever Work?","4/14/25"
"How to Sell Drugs Online (Fast): Season 4: Oh, I See.","4/14/25"
"How to Sell Drugs Online (Fast): Season 4: Why Does That Happen?","4/14/25"
"How to Sell Drugs Online (Fast): Season 4: That Shouldn't Happen!","4/14/25"
"How to Sell Drugs Online (Fast): Season 4: That Doesn't Happen on My Machine.","4/14/25"
"How to Sell Drugs Online (Fast): Season 4: That Can't Happen.","4/14/25"
"How to Sell Drugs Online (Fast): Season 3: Everybody gets a second chance","4/14/25"
"How to Sell Drugs Online (Fast): Season 3: To make amends, maybe be friends","4/14/25"
"How to Sell Drugs Online (Fast): Season 3: Before you turn the key, I have one more thing to say","4/14/25"
"How to Sell Drugs Online (Fast): Season 3: Does this condemn me, lock me away?","4/14/25"
"How to Sell Drugs Online (Fast): Season 3: A misdemeanor, a little trip","4/14/25"
"How to Sell Drugs Online (Fast): Season 3: A single failure, a little slip","4/14/25"
"How to Sell Drugs Online (Fast): Season 2: Don't be evil.","4/14/25"
"How to Sell Drugs Online (Fast): Season 2: Move Fast and Break Things","4/13/25"
"How to Sell Drugs Online (Fast): Season 2: Buy It. Sell It. Love It.","4/13/25"
"How to Sell Drugs Online (Fast): Season 2: Inspired by Real Life","4/13/25"
"How to Sell Drugs Online (Fast): Season 2: Where Do You Want to Go Today?","4/13/25"
"How to Sell Drugs Online (Fast): Season 2: Think Different","4/13/25"
"How to Sell Drugs Online (Fast): Season 1: If You Are the Smartest One in the Room, You're in the Wrong Room","4/13/25"
"How to Sell Drugs Online (Fast): Season 1: Score Big or Don't Score at All","4/13/25"
"How to Sell Drugs Online (Fast): Season 1: If This is Reality, I'm Not Interested","4/13/25"
"How to Sell Drugs Online (Fast): Season 1: Failure is Not an Option","4/13/25"
"How to Sell Drugs Online (Fast): Season 1: Life's Not Fair, Get Used to It","4/13/25"
"How to Sell Drugs Online (Fast): Season 1: Nerd Today, Boss Tomorrow","4/13/25"
"Black Mirror: Season 6: Loch Henry","4/13/25"
"Black Mirror: Season 6: Mazey Day","4/13/25"
"Black Mirror: Season 7: USS Callister: Into Infinity","4/12/25"
"Black Mirror: Season 7: Eulogy","4/12/25"
"Black Mirror: Season 7: Plaything","4/12/25"
"Black Mirror: Season 7: Hotel Reverie","4/12/25"
"Black Mirror: Season 7: Bête Noire","4/12/25"
"Your Honor: Season 1: Part One","4/12/25"
"Black Mirror: Season 7: Common People","4/11/25"
"Your Honor: Season 2: Part Twenty","4/10/25"
"Your Honor: Season 2: Part Nineteen","4/10/25"
"Your Honor: Season 2: Part Eighteen","4/10/25"
"Your Honor: Season 2: Part Seventeen","4/10/25"
"Your Honor: Season 2: Part Sixteen","4/9/25"
"Your Honor: Season 2: Part Fifteen","4/9/25"
"Your Honor: Season 2: Part Fourteen","4/9/25"
"Your Honor: Season 2: Part Thirteen","4/8/25"
"Your Honor: Season 2: Part Twelve","4/8/25"
"Your Honor: Season 2: Part Eleven","4/7/25"
"Your Honor: Season 1: Part Ten","4/7/25"
"Your Honor: Season 1: Part Nine","4/7/25"
"Your Honor: Season 1: Part Eight","4/7/25"
"Your Honor: Season 1: Part Seven","4/5/25"
"Your Honor: Season 1: Part Six","4/5/25"
"Your Honor: Season 1: Part Five","4/5/25"
"Your Honor: Season 1: Part Four","4/5/25"
"Your Honor: Season 1: Part Two","4/5/25"
"Your Honor: Season 1: Part Three","4/4/25"
"Younger: Season 7: Older","4/3/25"
"Younger: Season 7: Make No Mustique","4/3/25"
"Younger: Season 7: Inku-baited","4/3/25"
"Younger: Season 7: Fallout","4/3/25"
"Younger: Season 7: The Baroness","4/3/25"
"Younger: Season 7: The Son Also Rises","4/3/25"
"Younger: Season 7: The F Word","4/3/25"
"Younger: Season 7: The Last Unicorn","4/3/25"
"Younger: Season 7: Risky Business","4/2/25"
"Younger: Season 7: FKA Millennial","4/2/25"
"Younger: Season 7: It's the End of the World, Worm Girl","4/2/25"
"Younger: Season 7: A Decent Proposal","4/2/25"
"Younger: Season 6: Forever","4/2/25"
"Younger: Season 6: Holding Out for a Shero","4/1/25"
"Younger: Season 6: It’s All About the Money, Honey","4/1/25"
"Younger: Season 6: Millennial’s Next Top Model","4/1/25"
"Younger: Season 6: The Debu-taunt","4/1/25"
"Younger: Season 6: Friends With Benefits","4/1/25"
"Younger: Season 6: Merger, She Wrote","4/1/25"
"Younger: Season 5: Fraudlein","4/1/25"
"Younger: Season 5: Girls on the Side","4/1/25"
"Younger: Season 5: Honk If You’re Horny","4/1/25"
"Younger: Season 6: Stiff Competition","4/1/25"
"Younger: Season 5: Lizability","4/1/25"
"Younger: Season 6: An Inside Glob","4/1/25"
"Younger: Season 6: The Unusual Suspect","4/1/25"
"Younger: Season 6: Flush with Love","4/1/25"
"Younger: Season 6: Big Day","4/1/25"
"Younger: Season 5: The Bubble","4/1/25"
"Younger: Season 5: A Christmas Miracle","4/1/25"
"Younger: Season 5: Sex, Liza and Rock & Roll","4/1/25"
"Younger: Season 5: Big Little Liza","4/1/25"
"Younger: Season 5: The Talented Mr. Ridley","4/1/25"
"Younger: Season 5: The End of the Tour","4/1/25"
"Younger: Season 5: A Titanic Problem","4/1/25"
"Younger: Season 5: #LizaToo","4/1/25"
"Younger: Season 4: Irish Goodbye","4/1/25"
"Younger: Season 4: It’s Love, Actually","4/1/25"
"Younger: Season 4: A Novel Marriage","4/1/25"
"Younger: Season 4: The Incident at Pound Ridge","4/1/25"
"Younger: Season 4: The Gelato and the Pube","3/31/25"
"Younger: Season 4: Fever Pitch","3/31/25"
"Younger: Season 4: A Close Shave","3/31/25"
"Younger: Season 4: The Gift of the Maggie","3/31/25"
"Younger: Season 4: In the Pink","3/31/25"
"Younger: Season 4: Forged in Fire","3/31/25"
"Younger: Season 4: Gettin' Hygge with It","3/31/25"
"Younger: Season 4: Post Truth","3/31/25"
"Younger: Season 3: Get Real","3/31/25"
"Younger: Season 3: A Book Fair to Remember","3/31/25"
"Younger: Season 3: Pigeons, Parrots, and Storks","3/31/25"
"Younger: Season 3: Summer Friday","3/31/25"
"Younger: Season 3: What’s Up, Dock?","3/31/25"
"Younger: Season 3: Ladies Who Lust","3/31/25"
"Younger: Season 3: Me, Myself, and O","3/31/25"
"Younger: Season 3: P Is for Pancake","3/31/25"
"Younger: Season 3: A Night at the Opera","3/31/25"
"Younger: Season 3: Last Days of Books","3/31/25"
"Younger: Season 3: The Marshmallow Experiment","3/31/25"
"Younger: Season 3: A Kiss Is Just a Kiss","3/31/25"
"Younger: Season 2: No Weddings & a Funeral","3/31/25"
"Younger: Season 2: Secrets & Liza","3/31/25"
"Younger: Season 1: Pilot","3/30/25"
"Younger: Season 2: Bad Romance","3/30/25"
"Younger: Season 2: The Good Shepherd","3/30/25"
"Younger: Season 2: Beyond Therapy","3/30/25"
"Younger: Season 2: Into the Woods & Out of the Woods","3/30/25"
"Younger: Season 2: Un-Jaded","3/30/25"
"Younger: Season 2: Jersey, Sure","3/30/25"
"Younger: Season 2: The Jade Crusade","3/30/25"
"Younger: Season 2: Like a Boss","3/30/25"
"Younger: Season 2: The Mao Function","3/30/25"
"Younger: Season 2: Tattoo You","3/30/25"
"Younger: Season 1: The Old Ma'am and the C","3/30/25"
"Younger: Season 1: Hot Mitzvah","3/30/25"
"Younger: Season 1: The Boy With the Dragon Tattoo","3/30/25"
"Younger: Season 1: I'm With Stupid","3/30/25"
"Younger: Season 1: Sk8","3/30/25"
"Younger: Season 1: Broke and Pantyless","3/30/25"
"Younger: Season 1: Shedonism","3/30/25"
"Younger: Season 1: Girl Code","3/30/25"
"Younger: Season 1: The Exes","3/30/25"
"Younger: Season 1: IRL","3/30/25"
"Younger: Season 1: Liza Sows Her Oates","3/30/25"
"The Residence: The Mystery of the Yellow Room","3/29/25"
"The Residence: The Adventure of the Engineer's Thumb","3/29/25"
"The Residence: The Third Man","3/29/25"
"The Residence: The Trouble with Harry","3/29/25"
"The Residence: The Last of Sheila","3/29/25"
"The Residence: Knives Out","3/29/25"
"The Residence: Dial M for Murder","3/29/25"
"The Residence: The Fall of the House of Usher","3/28/25"
"Adolescence: Limited Series: Episode 4","3/28/25"
"Adolescence: Limited Series: Episode 3","3/28/25"
"Adolescence: Limited Series: Episode 2","3/28/25"
"Adolescence: Limited Series: Episode 1","3/27/25"
" : Episode 16","3/27/25"
" : Episode 14","3/27/25"
" : Episode 15","3/27/25"
" : Episode 13","3/27/25"
" : Episode 12","3/27/25"
" : Episode 11","3/27/25"
" : Episode 10","3/27/25"
" : Episode 9","3/26/25"
" : Episode 8","3/26/25"
" : Episode 7","3/26/25"
" : Episode 6","3/26/25"
" : Episode 5","3/26/25"
" : Episode 4","3/26/25"
" : Episode 3","3/26/25"
" : Episode 2","3/26/25"
" : Episode 1","3/26/25"
" : Episode 13","3/26/25"
" : Episode 12","3/26/25"
" : Episode 11","3/26/25"
" : Episode 10","3/25/25"
" : Episode 9","3/25/25"
" : Episode 8","3/25/25"
" : Episode 7","3/25/25"
" : Episode 6","3/25/25"
" : Episode 5","3/25/25"
" : Episode 4","3/25/25"
" : Episode 2","3/25/25"
" : Episode 3","3/25/25"
" : Episode 11","3/25/25"
" : Episode 1","3/25/25"
" : Episode 13","3/25/25"
" : Episode 12","3/25/25"
" : Episode 10","3/24/25"
" : Episode 9","3/24/25"
" : Episode 8","3/24/25"
" : Episode 7","3/24/25"
" : Episode 6","3/24/25"
" : Episode 5","3/23/25"
" : Episode 4","3/23/25"
" : Episode 3","3/23/25"
" : Episode 2","3/23/25"
" : Episode 1","3/23/25"
" : Episode 10","3/23/25"
" : Episode 13","3/23/25"
" : Episode 12","3/23/25"
" : Episode 11","3/22/25"
" : Episode 9","3/22/25"
" : Episode 8","3/22/25"
" : Episode 7","3/22/25"
" : Episode 6","3/22/25"
" : Episode 5","3/22/25"
" : Episode 4","3/22/25"
" : Episode 3","3/22/25"
" : Episode 2","3/22/25"
" : Episode 1","3/22/25"
" : Episode 13","3/21/25"
" : Episode 16","3/21/25"
" : Episode 15","3/21/25"
" : Episode 14","3/21/25"
" : Episode 12","3/21/25"
" : Episode 11","3/21/25"
" : Episode 7","3/21/25"
" : Episode 10","3/20/25"
" : Episode 9","3/20/25"
" : Episode 8","3/20/25"
" : Episode 6","3/20/25"
" : Episode 5","3/20/25"
" : Episode 4","3/20/25"
" : Episode 3","3/20/25"
" : Episode 2","3/20/25"
" : Episode 1","3/20/25"
" : Episode 16","3/19/25"
" : Episode 15","3/19/25"
" : Episode 14","3/19/25"
" : Episode 13","3/19/25"
" : Episode 12","3/19/25"
" : Episode 11","3/19/25"
" : Episode 10","3/19/25"
" : Episode 9","3/19/25"
" : Episode 8","3/18/25"
" : Episode 7","3/18/25"
" : Episode 6","3/18/25"
" : Episode 5","3/18/25"
" : Episode 4","3/18/25"
" : Episode 3","3/18/25"
" : Episode 1","3/18/25"
" : Episode 2","3/18/25"
" : Episode 13","3/17/25"
" : Episode 12","3/17/25"
" : Episode 11","3/17/25"
" : Episode 10","3/17/25"
" : Episode 9","3/17/25"
" : Episode 8","3/16/25"
" : Episode 7","3/16/25"
" : Episode 6","3/16/25"
" : Episode 5","3/16/25"
" : Episode 4","3/16/25"
" : Episode 3","3/16/25"
" : Episode 2","3/16/25"
" : Episode 1","3/16/25"
"Pantheon: Season 2: Deep Time","3/16/25"
"Pantheon: Season 2: The World To Come","3/16/25"
"Pantheon: Season 2: Apokalypsis","3/16/25"
"Pantheon: Season 2: Yair","3/16/25"
"Pantheon: Season 2: Olivia & Farhad","3/16/25"
"Pantheon: Season 2: Joey Coupet","3/16/25"
"Pantheon: Season 2: Crack Integrity","3/16/25"
"Pantheon: Season 2: The Gods Have Not Died in Vain","3/16/25"
"Pantheon: Season 1: The Gods Will Not Be Slain","3/15/25"
"Pantheon: Season 1: We Are You","3/15/25"
"Pantheon: Season 1: You Must Be Caspian","3/15/25"
"Pantheon: Season 1: Zero Daze","3/15/25"
"Pantheon: Season 1: The Gods Will Not Be Chained","3/15/25"
"Pantheon: Season 1: Reign of Winter","3/15/25"
"Pantheon: Season 1: Cycles","3/15/25"
"Pantheon: Season 1: Pantheon","3/15/25"
"Running Point: Season 1: Game Seven","3/15/25"
"Running Point: Season 1: The Playoffs","3/15/25"
"Running Point: Season 1: The Streak","3/15/25"
"Running Point: Season 1: A Special Place in Hell","3/15/25"
"Running Point: Season 1: The Yips","3/15/25"
"Running Point: Season 1: Beshert","3/15/25"
"Running Point: Season 1: Doljanchi","3/15/25"
"Running Point: Season 1: Joe Pesci","3/14/25"
"Running Point: Season 1: Pilot","3/14/25"
"Glitch: Season 3: Little Gidding","3/14/25"
"Glitch: Season 3: The Enemy","3/14/25"
"Glitch: Season 3: Perfectly Safe","3/13/25"
"Glitch: Season 3: Quintessence","3/13/25"
"Glitch: Season 3: First Times","3/13/25"
"Glitch: Season 3: Mum","3/13/25"
"Glitch: Season 2: The Letter","3/13/25"
"Glitch: Season 2: The Walking Wounded","3/12/25"
"Glitch: Season 2: A Duty of Care","3/12/25"
"Glitch: Season 2: All Too Human","3/12/25"
"Glitch: Season 2: Two Truths","3/12/25"
"Glitch: Season 2: The Rare Bird","3/12/25"
"Glitch: Season 1: There Must Be Rules","3/11/25"
"Glitch: Season 1: The Impossible Triangle","3/11/25"
"Glitch: Season 1: There Is No Justice","3/10/25"
"Glitch: Season 1: Miracle or Punishment","3/10/25"
"Glitch: Season 1: Am I in Hell?","3/10/25"
"Glitch: Season 1: The Risen","3/10/25"
"Gangs of London: Season 2: Episode 8","3/9/25"
"Gangs of London: Season 2: Episode 7","3/9/25"
"Gangs of London: Season 2: Episode 6","3/9/25"
"Gangs of London: Season 2: Episode 5","3/9/25"
"Gangs of London: Season 2: Episode 4","3/9/25"
"Gangs of London: Season 2: Episode 3","3/9/25"
"Gangs of London: Season 2: Episode 2","3/9/25"
"Gangs of London: Season 2: Episode 1","3/9/25"
"Resident Alien: Season 3: The Upper Hand","3/8/25"
"Gangs of London: Episode 8","3/8/25"
"Gangs of London: Episode 10","3/8/25"
"Gangs of London: Episode 9","3/8/25"
"Resident Alien: Season 3: Lone Wolf","3/7/25"
"Arcane: Season 2: Paint the Town Blue","3/7/25"
"Gangs of London: Episode 7","3/6/25"
"Gangs of London: Episode 6","3/6/25"
"Gangs of London: Episode 5","3/6/25"
"Gangs of London: Episode 4","3/6/25"
"Gangs of London: Episode 3","3/5/25"
"Gangs of London: Episode 2","3/5/25"
"Gangs of London: Episode 1","3/5/25"
"Brooklyn Nine-Nine: Season 6: The Suicide Squad","3/5/25"
"Brooklyn Nine-Nine: Season 6: Sicko","3/5/25"
"Brooklyn Nine-Nine: Season 6: Cinco de Mayo","3/5/25"
"Brooklyn Nine-Nine: Season 6: Return of the King","3/5/25"
"Brooklyn Nine-Nine: Season 6: Ticking Clocks","3/5/25"
"Brooklyn Nine-Nine: Season 6: The Bimbo","3/5/25"
"Brooklyn Nine-Nine: Season 6: Casecation","3/5/25"
"Brooklyn Nine-Nine: Season 6: The Therapist","3/5/25"
"Brooklyn Nine-Nine: Season 6: Gintars","3/5/25"
"Brooklyn Nine-Nine: Season 6: The Golden Child","3/5/25"
"Brooklyn Nine-Nine: Season 6: He Said, She Said","3/4/25"
"Brooklyn Nine-Nine: Season 6: The Honeypot","3/4/25"
"Brooklyn Nine-Nine: Season 6: The Crime Scene","3/4/25"
"Brooklyn Nine-Nine: Season 6: A Tale of Two Bandits","3/4/25"
"Brooklyn Nine-Nine: Season 6: Four Movements","3/4/25"
"Brooklyn Nine-Nine: Season 6: The Tattler","3/4/25"
"Brooklyn Nine-Nine: Season 6: Hitchcock & Scully","3/4/25"
"Vikings: Season 5: A Simple Story","3/4/25"
"Vikings: Season 5: Moments of Vision","3/3/25"
"Zero Day: Limited Series: Episode 6","3/2/25"
"Zero Day: Limited Series: Episode 5","3/1/25"
"Zero Day: Limited Series: Episode 4","3/1/25"
"Zero Day: Limited Series: Episode 3","2/28/25"
"Zero Day: Limited Series: Episode 2","2/28/25"
"Zero Day: Limited Series: Episode 1","2/28/25"
"Brooklyn Nine-Nine: Season 6: Honeymoon","2/28/25"
"The Recruit: Season 2: I.D.N.W.T.B.D.I.","2/28/25"
"The Recruit: Season 2: W.S.T.W.T.P.","2/28/25"
"The Recruit: Season 2: A.T.N.W.H.Y.P.A.B.H.","2/28/25"
"The Recruit: Season 2: H.H.I.I.T.K.A.L.","2/28/25"
"The Recruit: Season 2: Y.A.R.A.C.O.T.D.O.P.","2/26/25"
"The Recruit: Season 2: Y.N.A.H.Y.A.L.","2/26/25"
"Vikings: Season 5: The Joke","2/25/25"
"The Tourist: Season 2: Episode 6","2/25/25"
"The Tourist: Season 2: Episode 5","2/25/25"
"The Tourist: Season 2: Episode 4","2/20/25"
"The Tourist: Season 2: Episode 3","2/20/25"
"The Tourist: Season 2: Episode 2","2/19/25"
"The Tourist: Season 2: Episode 1","2/19/25"
"The Tourist: Season 1: Episode 6","2/19/25"
"The Tourist: Season 1: Episode 5","2/19/25"
"The Tourist: Season 1: Episode 4","2/19/25"
"The Tourist: Season 1: Episode 3","2/16/25"
"The Tourist: Season 1: Episode 2","2/16/25"
"The Tourist: Season 1: Episode 1","2/15/25"
"Vikings: Season 5: Full Moon","2/15/25"
"Vikings: Season 5: The Message","2/15/25"
"Vikings: Season 5: The Prisoner","2/14/25"
"Vikings: Season 5: The Plan","2/14/25"
"Vikings: Season 5: Homeland","2/12/25"
"Vikings: Season 5: The Departed","2/12/25"
"Vikings: Season 5: The Fisher King","2/11/25"
"Vikings: Season 4: The Reckoning","2/11/25"
"Vikings: Season 4: On the Eve","2/11/25"
"Exploding Kittens: The Westminster Human Show","2/11/25"
"Exploding Kittens: Let the Games Begin","2/11/25"
"Exploding Kittens: SeaWorld Is Hell","2/11/25"
"Exploding Kittens: The Town with No Internet","2/10/25"
"Exploding Kittens: No Regrets","2/10/25"
"Exploding Kittens: Emotions Are Hard","2/10/25"
"Vikings: Season 4: Revenge","2/7/25"
"Vikings: Season 4: All His Angels","2/7/25"
"Vikings: Season 4: The Great Army","2/7/25"
"Vikings: Season 4: Crossing","2/7/25"
"Vikings: Season 4: In the Uncertain Hour Before the Morning","2/7/25"
"Vikings: Season 4: Two Journeys","2/7/25"
"Vikings: Season 4: The Vision","2/7/25"
"Vikings: Season 4: The Outsider","2/7/25"
"Vikings: Season 4: The Last Ship","2/7/25"
"Vikings: Season 4: Death All 'Round","2/5/25"
"Vikings: Season 4: Portage","2/5/25"
"The Night Agent: Season 2: Buyer's Remorse","2/5/25"
"The Night Agent: Season 2: Cultural Exchange","2/5/25"
"The Night Agent: Season 2: Divergence","2/5/25"
"The Night Agent: Season 2: Tilt","2/1/25"
"The Night Agent: Season 2: A Good Agent","2/1/25"
"The Night Agent: Season 2: A Family Matter","2/1/25"
"The Night Agent: Season 2: Desperate Measures","2/1/25"
"The Night Agent: Season 2: Government Property","2/1/25"
"The Night Agent: Season 2: Disconnected","2/1/25"
"The Night Agent: Season 2: Call Tracking","2/1/25"
"Vikings: Season 4: The Profit and the Loss","1/22/25"
"Vikings: Season 4: What Might Have Been","1/22/25"
"Vikings: Season 4: Promised","1/22/25"
"Vikings: Season 4: Yol","1/22/25"
"Vikings: Season 4: Mercy","1/22/25"
"Vikings: Season 4: Kill the Queen","1/15/25"
"Vikings: Season 4: A Good Treason","1/13/25"
"Ferry: The Series: The Series: Once Upon a Time in Brabant","1/6/25"
"Ferry: The Series: The Series: Defect","1/6/25"
"Ferry: The Series: The Series: The Comedown","1/6/25"
"Ferry: The Series: The Series: Long Live the King","1/6/25"
"Ferry: The Series: The Series: Attack","1/5/25"
"Ferry: The Series: The Series: Junk","1/5/25"
"Ferry: The Series: The Series: Undercover","1/5/25"
"Ferry: The Series: The Series: Members Only","1/5/25"
"Undercover: Season 3: Showdown","1/3/25"
"Undercover: Season 3: Total Loss","1/3/25"
"Undercover: Season 3: Pater Familias","1/3/25"
"Undercover: Season 3: Rat in the Kitchen","1/3/25"
"Undercover: Season 3: All-in Resort","1/3/25"
"Undercover: Season 3: Trust Issues","1/3/25"
"Undercover: Season 3: Festival Shop Super Sales","1/2/25"
"Undercover: Season 3: Evil Eye","1/2/25"
"Undercover: Season 2: War","1/1/25"
"Undercover: Season 2: Reconstruction","1/1/25"
"Undercover: Season 2: Roadblock","1/1/25"
"Undercover: Season 2: Enricochet","1/1/25"
"Undercover: Season 2: Victor","1/1/25"
"Undercover: Season 2: Revolution","1/1/25"
"Undercover: Season 2: Trojan Horse Power","1/1/25"
"Undercover: Season 2: Soldiers of Love","1/1/25"
"Undercover: Season 1: That Cop's Face","1/1/25"
"Undercover: Season 2: Pentagon","1/1/25"
"Undercover: Season 2: El Dorado","12/31/24"
"Undercover: Season 1: Showtime","12/31/24"
"Undercover: Season 1: Rock Bottom","12/31/24"
"Undercover: Season 1: Nouveau Monde","12/31/24"
"Undercover: Season 1: Sirens","12/31/24"
"Undercover: Season 1: Across the Border","12/30/24"
"Undercover: Season 1: Legio Patria Nostra","12/30/24"
"Undercover: Season 1: Italian Designer Drugs","12/30/24"
"Undercover: Season 1: Highly Sensitive","12/30/24"
"Undercover: Season 1: Camping Zonnedauw","12/30/24"
"The Equalizer: Season 3: Eye for an Eye","12/30/24"
"The Equalizer: Season 3: Justified","12/30/24"
"The Equalizer: Season 3: Love Hurts","12/30/24"
"The Equalizer: Season 3: No Way Out","12/30/24"
"The Equalizer: Season 3: No Good Deed","12/29/24"
"The Equalizer: Season 3: Patriot Game","12/29/24"
"The Equalizer: Season 3: Lost and Found","12/29/24"
"The Equalizer: Season 3: Never Again","12/29/24"
"The Equalizer: Season 3: Do No Harm","12/29/24"
"The Equalizer: Season 3: Second Chance","12/29/24"
"The Equalizer: Season 3: He Ain't Heavy","12/29/24"
"The Equalizer: Season 3: One Percenters","12/29/24"
"The Equalizer: Season 3: Paradise Lost","12/29/24"
"The Equalizer: Season 3: A Time to Kill","12/29/24"
"The Equalizer: Season 3: Blowback","12/29/24"
"Focus","12/29/24"
"The Equalizer: Season 3: Gaslight","12/29/24"
"The Equalizer: Season 3: Where There's Smoke","12/29/24"
"The Equalizer: Season 3: Boom","12/29/24"
"The Equalizer: Season 2: Exposed","12/28/24"
"The Equalizer: Season 2: What Dreams May Come","12/28/24"
"The Equalizer: Season 2: Vox Populi","12/28/24"
"The Equalizer: Season 2: Hard Money","12/28/24"
"The Equalizer: Season 2: Pulse","12/28/24"
"The Equalizer: Season 2: D.W.B.","12/28/24"
"The Equalizer: Season 2: Somewhere Over the Hudson","12/28/24"
"The Equalizer: Season 2: Chinatown","12/28/24"
"The Equalizer: Season 2: Legacy","12/28/24"
"The Equalizer: Season 2: Bout That Life","12/28/24"
"The Equalizer: Season 2: Separated","12/28/24"
"The Equalizer: Season 2: When Worlds Collide","12/27/24"
"The Equalizer: Season 2: Shooter","12/27/24"
"The Equalizer: Season 2: Followers","12/27/24"
"The Equalizer: Season 2: The People Aren't Ready","12/27/24"
"The Equalizer: Season 2: Leverage","12/27/24"
"The Equalizer: Season 2: The Kingdom","12/26/24"
"The Equalizer: Season 2: Aftermath","12/26/24"
"The Equalizer: Reckoning","12/26/24"
"The Equalizer: True Believer","12/26/24"
"The Equalizer: Lifeline","12/26/24"
"The Equalizer: Hunting Grounds","12/26/24"
"The Equalizer: The Room Where It Happens","12/25/24"
"The Equalizer: The Milk Run","12/25/24"
"The Equalizer: It Takes a Village","12/25/24"
"The Equalizer: Judgment Day","12/25/24"
"The Equalizer: Glory","12/24/24"
"The Equalizer: The Equalizer","12/24/24"
"Vikings: Season 3: The Dead","12/24/24"
"Vikings: Season 3: To the Gates!","12/24/24"
"Vikings: Season 3: Breaking Point","12/24/24"
"Vikings: Season 3: Paris","12/23/24"
"Vikings: Season 3: Scarred","12/23/24"
"Vikings: Season 3: Born Again","12/23/24"
"Vikings: Season 3: The Usurper","12/23/24"
"Vikings: Season 3: Warrior's Fate","12/21/24"
"Vikings: Season 3: The Wanderer","12/21/24"
"Vikings: Season 3: Mercenary","12/21/24"
"Vikings: Season 2: The Lord's Prayer","12/21/24"
"Vikings: Season 2: The Choice","12/21/24"
"The Wonderful Story of Henry Sugar","12/21/24"
"Vikings: Season 2: Boneless","12/20/24"
"Vikings: Season 2: Blood Eagle","12/20/24"
"Vikings: Season 2: Unforgiven","12/20/24"
"Vikings: Season 2: Answers in Blood","12/20/24"
"Vikings: Season 2: Eye for an Eye","12/20/24"
"Vikings: Season 2: Treachery","12/20/24"
"Vikings: Season 2: Invasion","12/20/24"
"Vikings: Season 1: All Change","12/20/24"
"Vikings: Season 1: Sacrifice","12/20/24"
"Vikings: Season 2: Brother's War","12/20/24"
"Vikings: Season 1: A King's Ransom","12/19/24"
"Vikings: Season 1: Burial of the Dead","12/19/24"
"Vikings: Season 1: Raid","12/19/24"
"Vikings: Season 1: Trial","12/19/24"
"Vikings: Season 1: Dispossessed","12/18/24"
"Vikings: Season 1: Wrath of the Northmen","12/18/24"
"Vikings: Season 1: Rites of Passage","12/17/24"
"Upper Middle Bogan: Season 1: I'm a Swan","12/17/24"
"Designated Survivor: Season 3: #truthorconsequences","12/17/24"
"Designated Survivor: Season 3: #undecided","12/17/24"
"Designated Survivor: Season 3: #scaredsh*tless","12/17/24"
"Designated Survivor: Season 3: #identity/crisis","12/17/24"
"Designated Survivor: Season 3: #whocares","12/17/24"
"Designated Survivor: Season 3: #nothingpersonal","12/17/24"
"Designated Survivor: Season 3: #makehistory","12/17/24"
"Designated Survivor: Season 3: #privacyplease","12/16/24"
"Designated Survivor: Season 3: #slipperyslope","12/16/24"
"Designated Survivor: Season 3: #thesystemisbroken","12/16/24"
"Designated Survivor: Season 2: Run","12/16/24"
"Designated Survivor: Season 2: Target","12/16/24"
"Designated Survivor: Season 2: Bad Reception","12/16/24"
"Designated Survivor: Season 2: Capacity","12/16/24"
"Designated Survivor: Season 2: Kirkman Agonistes","12/16/24"
"Designated Survivor: Season 2: Overkill","12/16/24"
"Designated Survivor: Season 2: Fallout","12/16/24"
"Designated Survivor: Season 2: Summit","12/16/24"
"Designated Survivor: Season 2: In the Dark","12/16/24"
"Designated Survivor: Season 2: Original Sin","12/16/24"
"Designated Survivor: Season 2: The Final Frontier","12/15/24"
"Designated Survivor: Season 2: Grief","12/15/24"
"Designated Survivor: Season 2: Line of Fire","12/15/24"
"Designated Survivor: Season 2: Three Letter Day","12/14/24"
"Designated Survivor: Season 2: Home","12/14/24"
"Designated Survivor: Season 2: Family Ties","12/14/24"
"Designated Survivor: Season 2: Two Ships","12/13/24"
"Designated Survivor: Season 2: Suckers","12/13/24"
"Designated Survivor: Season 2: Equilibrium","12/13/24"
"Designated Survivor: Season 2: Outbreak","12/13/24"
"Designated Survivor: Season 2: Sting of the Tail","12/13/24"
"Designated Survivor: Season 2: One Year In","12/13/24"
"Designated Survivor: Season 1: Brace for Impact","12/13/24"
"Designated Survivor: Season 1: Bombshell","12/13/24"
"Designated Survivor: Season 1: Misalliance","12/13/24"
"Designated Survivor: Season 1: Lazarus","12/13/24"
"Designated Survivor: Season 1: The Ninth Seat","12/13/24"
"Designated Survivor: Season 1: Party Lines","12/13/24"
"Designated Survivor: Season 1: One Hundred Days","12/12/24"
"Designated Survivor: Season 1: Commander-in-Chief","12/12/24"
"Designated Survivor: Season 1: Backfire","12/12/24"
"Designated Survivor: Season 1: The End of the Beginning","12/12/24"
"Designated Survivor: Season 1: Warriors","12/12/24"
"Designated Survivor: Season 1: The Oath","12/12/24"
"Designated Survivor: Season 1: The Blueprint","12/12/24"
"Designated Survivor: Season 1: The Results","12/12/24"
"Designated Survivor: Season 1: The Traitor","12/12/24"
"Designated Survivor: Season 1: The Interrogation","12/12/24"
"Designated Survivor: Season 1: The Mission","12/12/24"
"Designated Survivor: Season 1: The Enemy","12/12/24"
"Designated Survivor: Season 1: The Confession","12/12/24"
"Designated Survivor: Season 1: The First Day","12/12/24"
"Designated Survivor: Season 1: Pilot","12/12/24"
"Royal Pains: Season 8: Uninterrupted","12/11/24"
"Royal Pains: Season 8: The Good News Is...","12/11/24"
"Royal Pains: Season 8: Home Sick","12/11/24"
"Royal Pains: Season 8: Doubt of Africa","12/11/24"
"Royal Pains: Season 8: Palpating the Orbital Rim","12/11/24"
"Royal Pains: Season 8: Saab Story","12/11/24"
"Royal Pains: Season 8: Fly Me to Kowloon","12/11/24"
"Royal Pains: Season 8: Stranger Danger","12/11/24"
"Royal Pains: Season 7: Lending a Shoulder","12/11/24"
"Royal Pains: Season 7: Lama Trauma","12/11/24"
"Royal Pains: Season 7: Secret Asian Man","12/10/24"
"Royal Pains: Season 7: Voices Carry","12/10/24"
"Royal Pains: Season 7: The Prince of Nucleotides","12/10/24"
"Royal Pains: Season 7: Playing Doctor","12/10/24"
"Royal Pains: Season 7: False Start","12/10/24"
"Royal Pains: Season 7: Rebound","12/10/24"
"Royal Pains: Season 6: Ganging Up","12/10/24"
"Royal Pains: Season 6: A Bigger Boat","12/10/24"
"Royal Pains: Season 6: HankMed on the Half Shell","12/10/24"
"Royal Pains: Season 6: I Did Not See That Coming","12/10/24"
"Royal Pains: Season 6: Electric Youth","12/10/24"
"Royal Pains: Season 6: Good Air/Bad Air","12/10/24"
"Royal Pains: Season 6: Oh, M.G.","12/10/24"
"Royal Pains: Season 6: Everybody Loves Ray, Man","12/9/24"
"Royal Pains: Season 6: Goodwill Stunting","12/9/24"
"Royal Pains: Season 6: Steaks on a Plane","12/9/24"
"Royal Pains: Season 6: A Bridge Quite Not Far Enough","12/9/24"
"Royal Pains: Season 6: All in the Family","12/9/24"
"Royal Pains: Season 6: Smoke and Mirrors","12/8/24"
"Royal Pains: Season 5: Bones to Pick","12/8/24"
"Royal Pains: Season 5: A Trismus Story","12/8/24"
"Royal Pains: Season 5: Open Invitation","12/8/24"
"Royal Pains: Season 5: Game of Phones","12/8/24"
"Royal Pains: Season 5: Pins and Needles","12/7/24"
"Royal Pains: Season 5: Hammertime","12/7/24"
"Royal Pains: Season 5: Chock Full o' Nuts","12/7/24"
"Royal Pains: Season 5: Can of Worms","12/6/24"
"Royal Pains: Season 5: Vertigo","12/6/24"
"Royal Pains: Season 5: Pregnant Paws","12/6/24"
"Royal Pains: Season 5: Lawson Translation","12/6/24"
"Royal Pains: Season 5: Blythe Spirits","12/6/24"
"Royal Pains: Season 4: Something Fishy That Way Comes","12/6/24"
"Royal Pains: Season 5: Hankwatch","12/6/24"
"Royal Pains: Season 4: Off-Season Greetings Part II","12/6/24"
"Royal Pains: Season 4: Off-Season Greetings Part I","12/5/24"
"Royal Pains: Season 4: Sand Legs","12/5/24"
"Royal Pains: Season 4: Business and Pleasure","12/5/24"
"Royal Pains: Season 4: Hurts Like a Mother","12/5/24"
"Royal Pains: Season 4: Dancing with the Devil","12/5/24"
"Royal Pains: Season 4: Who's Your Daddy?","12/5/24"
"Royal Pains: Season 4: Manimal","12/5/24"
"Royal Pains: Season 4: Fools Russian","12/5/24"
"Royal Pains: Season 4: About Face","12/5/24"
"Royal Pains: Season 4: You Give Love a Bad Name","12/5/24"
"Royal Pains: Season 4: Dawn of the Med","12/5/24"
"Royal Pains: Season 4: Imperfect Storm","12/5/24"
"Royal Pains: Season 4: A Guesthouse Divided","12/5/24"
"Royal Pains: Season 4: After the Fireworks","12/5/24"
"Royal Pains: Season 3: This One's for Jack","12/4/24"
"Royal Pains: Season 3: Hank and the Deep Blue Sea","12/4/24"
"Royal Pains: Season 3: Bottoms Up","12/4/24"
"Royal Pains: Season 3: My Back to the Future","12/4/24"
"Royal Pains: Season 3: Some Pig","12/4/24"
"Royal Pains: Season 3: A Farewell to Barnes","12/4/24"
"Royal Pains: Season 3: A Little Art, A Little Science","12/4/24"
"Royal Pains: Season 3: Me First","12/4/24"
"Royal Pains: Season 3: Run, Hank, Run","12/4/24"
"Royal Pains: Season 3: Ta Da For","12/4/24"
"Royal Pains: Season 3: But There's a Catch","12/4/24"
"Royal Pains: Season 3: An Apple a Day","12/3/24"
"Royal Pains: Season 3: A Man Called Grandpa","12/3/24"
"Royal Pains: Season 3: The Shaw/Hank Redemption","12/3/24"
"Royal Pains: Season 3: Rash Talk","12/3/24"
"Royal Pains: Season 3: Traffic","12/3/24"
"Royal Pains: Season 2: Listen to the Music","12/3/24"
"Royal Pains: Season 2: Fight or Flight","12/3/24"
"Royal Pains: Season 2: Astraphobia","12/3/24"
"Royal Pains: Season 2: A History of Violins","12/3/24"
"Royal Pains: Season 2: Mulligan","12/3/24"
"Royal Pains: Season 2: Pit Stop","12/3/24"
"Royal Pains: Season 2: Whole Lotto Love","12/3/24"
"Royal Pains: Season 2: Open Up Your Yenta Mouth and Say Ah","12/3/24"
"Royal Pains: Season 2: Big Whoop","12/2/24"
"Royal Pains: Season 2: Frenemies","12/2/24"
"Royal Pains: Season 2: The Hankover","12/2/24"
"Royal Pains: Season 2: Comfort's Overrated","12/2/24"
"Royal Pains: Season 2: In Vino Veritas","12/2/24"
"Royal Pains: Season 2: Mano a Mano","12/2/24"
"Royal Pains: Season 2: Medusa","12/2/24"
"Royal Pains: Season 2: Lovesick","12/2/24"
"Royal Pains: Season 2: Keeping the Faith","12/2/24"
"Royal Pains: Season 2: Spasticity","12/2/24"
"Royal Pains: It's Like Jamais Vu All Over Again","12/1/24"
"Royal Pains: Wonderland","12/1/24"
"Royal Pains: Nobody's Perfect","12/1/24"
"Royal Pains: Am I Blue?","12/1/24"
"Royal Pains: The Honeymoon's Over","11/30/24"
"Royal Pains: Crazy Love","11/30/24"
"Royal Pains: If I Were a Sick Man","11/30/24"
"Royal Pains: No Man Is an Island","11/30/24"
"Royal Pains: TB or Not TB","11/29/24"
"Royal Pains: Strategic Planning","11/29/24"
"Royal Pains: There Will Be Food","11/29/24"
"Royal Pains: Pilot","11/28/24"
"A Man on the Inside: Season 1: The Spy Who Came in from the Cold","11/28/24"
"A Man on the Inside: Season 1: From Russian Hill with Love","11/28/24"
"A Man on the Inside: Season 1: Our Man in Sacramento","11/28/24"
"A Man on the Inside: Season 1: Presents and Clear Danger","11/28/24"
"A Man on the Inside: Season 1: The Curious Incident of the Dog in the Painting Class","11/28/24"
"A Man on the Inside: Season 1: The Emily Always Rings Twice","11/27/24"
"A Man on the Inside: Season 1: The Man Who Knew Too Much About Bridges","11/27/24"
"A Man on the Inside: Season 1: Tinker Tailor Older Spy","11/27/24"
"The Diplomat: Season 2: Dreadnought","11/27/24"
"The Diplomat: Season 2: Our Lady of Immaculate Deception","11/27/24"
"The Diplomat: Season 2: The Other Army","11/27/24"
"The Diplomat: Season 2: The Ides of March","11/26/24"
"The Diplomat: Season 2: St. Paul's","11/26/24"
"The Diplomat: Season 2: When a Stranger Calls","11/26/24"
"The Diplomat: Season 1: The James Bond Clause","11/26/24"
"The Diplomat: Season 1: Keep Your Enemies Closer","11/26/24"
"The Diplomat: Season 1: Some Lusty Tornado","11/26/24"
"The Diplomat: Season 1: The Dogcatcher","11/24/24"
"The Diplomat: Season 1: He Bought a Hat","11/24/24"
"The Diplomat: Season 1: Lambs in the Dark","11/24/24"
"The Diplomat: Season 1: Don't Call It a Kidnapping","11/24/24"
"The Diplomat: Season 1: The Cinderella Thing","11/22/24"
"A.P. Bio: Season 4: The Harvard Pen","11/22/24"
"A.P. Bio: Season 4: Malachi","11/22/24"
"A.P. Bio: Season 4: Love, For Lack of a Better Term","11/22/24"
"A.P. Bio: Season 4: The Perfect Date from Hell","11/22/24"
"A.P. Bio: Season 4: Tons of Rue","11/22/24"
"A.P. Bio: Season 4: An Oath to Rusty","11/22/24"
"A.P. Bio: Season 4: Sweatpants","11/21/24"
"A.P. Bio: Season 4: Tornado","11/21/24"
"A.P. Bio: Season 3: Katie Holmes Day","11/21/24"
"A.P. Bio: Season 3: Aces Wild","11/21/24"
"A.P. Bio: Season 3: That That That","11/21/24"
"A.P. Bio: Season 3: Mr. Pistachio","11/21/24"
"A.P. Bio: Season 3: Get Hoppy","11/20/24"
"A.P. Bio: Season 3: Gary Meets Dave","11/20/24"
"A.P. Bio: Season 3: Disgraced","11/20/24"
"A.P. Bio: Season 3: Tiny Problems","11/20/24"
"A.P. Bio: Season 2: Kinda Sorta","11/20/24"
"A.P. Bio: Season 2: Ride the Ram","11/20/24"
"A.P. Bio: Season 2: Spectacle","11/20/24"
"A.P. Bio: Season 2: Melvin","11/19/24"
"A.P. Bio: Season 2: Handcuffed","11/19/24"
"A.P. Bio: Season 2: Dr. Whoopsie","11/19/24"
"A.P. Bio: Season 2: Sweet Low Road","11/19/24"
"A.P. Bio: Season 2: Personal Everest","11/19/24"
"A.P. Bio: Season 2: J'Accuse","11/19/24"
"A.P. Bio: Season 2: Toledo's Top 100","11/19/24"
"A.P. Bio: Season 2: Wednesday Morning, 8 AM","11/19/24"
"A.P. Bio: Season 2: Nuns","11/19/24"
"A.P. Bio: Season 2: Happiness","11/19/24"
"A.P. Bio: Drenching Dallas","11/19/24"
"A.P. Bio: Walleye","11/18/24"
"A.P. Bio: Eight Pigs and a Rat","11/18/24"
"A.P. Bio: Durbin Crashes","11/18/24"
"A.P. Bio: Rosemary's Boyfriend","11/18/24"
"A.P. Bio: We Don't Party","11/18/24"
"A.P. Bio: Selling Out","11/18/24"
"A.P. Bio: Pilot: Catfish","11/18/24"
"A.P. Bio: Freakin' Enamored","11/18/24"
"A.P. Bio: Dating Toledoans","11/18/24"
"A.P. Bio: Overachieving Virgins","11/18/24"
"A.P. Bio: Burning Miles","11/18/24"
"A.P. Bio: Teacher Jail","11/18/24"
"Madam Secretary: Season 6: Leaving the Station","11/18/24"
"Madam Secretary: Season 6: Carpe Diem","11/18/24"
"Madam Secretary: Season 6: Ships and Countries","11/17/24"
"Madam Secretary: Season 6: Accountability","11/15/24"
"Madam Secretary: Season 6: Daisy","11/15/24"
"Madam Secretary: Season 6: Valor","11/15/24"
"Madam Secretary: Season 6: Deepfake","11/15/24"
"Madam Secretary: Season 6: Killer Robots","11/15/24"
"Madam Secretary: Season 6: The Strike Zone","11/15/24"
"Exploding Kittens: Shane & Chugger's","11/15/24"
"Exploding Kittens: Tartar Recall","11/15/24"
"Exploding Kittens: Pilot","11/15/24"
"Madam Secretary: Season 6: Hail to the Chief","11/14/24"
"Madam Secretary: Season 5: Better Angels","11/14/24"
"Madam Secretary: Season 5: Family Separation: Part 1","11/14/24"
"Madam Secretary: Season 5: The Great Experiment","11/14/24"
"Madam Secretary: Season 5: Ready","11/14/24"
"Madam Secretary: Season 5: The New Normal","11/14/24"
"Arcane: Season 2: Finally Got the Name Right","11/14/24"
"Arcane: Season 2: Watch It All Burn","11/14/24"
"Arcane: Season 2: Heavy Is the Crown","11/14/24"
"Arcane: Season 1: The Boy Savior","11/14/24"
"Madam Secretary: Season 5: The Common Defense","11/14/24"
"Madam Secretary: Season 5: Between the Seats","11/13/24"
"Madam Secretary: Season 5: Something Better","11/13/24"
"Madam Secretary: Season 5: Proxy War","11/13/24"
"Madam Secretary: Season 5: Strategic Ambiguity","11/13/24"
"Madam Secretary: Season 5: Family Separation: Part 2","11/13/24"
"Madam Secretary: Season 5: Winter Garden","11/12/24"
"Madam Secretary: Season 5: The Courage to Continue","11/12/24"
"Madam Secretary: Season 5: Baby Steps","11/12/24"
"Madam Secretary: Season 5: Eyjafjallaökull","11/11/24"
"Madam Secretary: Season 5: Ghosts","11/11/24"
"Madam Secretary: Season 5: Requiem","11/11/24"
"Madam Secretary: Season 5: The Magic Rake","11/11/24"
"Madam Secretary: Season 5: The Chaos Game","11/11/24"
"Madam Secretary: Season 5: E Pluribus Unum","11/11/24"
"Madam Secretary: Season 4: Night Watch","11/11/24"
"Madam Secretary: Season 4: Protocol","11/11/24"
"Madam Secretary: Season 4: The Things We Get to Say","11/10/24"
"Madam Secretary: Season 4: Thin Ice","11/10/24"
"Madam Secretary: Season 4: The Friendship Game","11/10/24"
"Madam Secretary: Season 4: Phase Two","11/10/24"
"Madam Secretary: Season 4: My Funny Valentine","11/10/24"
"Madam Secretary: Season 4: The Unnamed","11/10/24"
"Madam Secretary: Season 4: Refuge","11/10/24"
"Madam Secretary: Season 4: Reading the Signs","11/10/24"
"Madam Secretary: Season 4: Sound and Fury","11/9/24"
"Madam Secretary: Season 4: Mitya","11/9/24"
"Madam Secretary: Season 4: Women Transform the World","11/9/24"
"Madam Secretary: Season 4: Minefield","11/9/24"
"Madam Secretary: Season 4: The Fourth Estate","11/9/24"
"Madam Secretary: Season 4: North to the Future","11/9/24"
"Madam Secretary: Season 4: Loophole","11/9/24"
"Madam Secretary: Season 4: Persona Non Grata","11/9/24"
"Madam Secretary: Season 4: Shutdown","11/9/24"
"Madam Secretary: Season 4: The Essentials","11/9/24"
"Madam Secretary: Season 4: Off the Record","11/9/24"
"Madam Secretary: Season 4: News Cycle","11/9/24"
"Madam Secretary: Season 3: Article 5","11/9/24"
"Madam Secretary: Season 3: Revelation","11/8/24"
"Madam Secretary: Season 3: The Seventh Floor","11/8/24"
"Madam Secretary: Season 3: Extraordinary Hazard","11/8/24"
"Madam Secretary: Season 3: Global Relief","11/8/24"
"Madam Secretary: Season 3: Good Bones","11/8/24"
"Madam Secretary: Season 3: Convergence","11/8/24"
"Madam Secretary: Season 3: Swept Away","11/8/24"
"Madam Secretary: Season 3: Break in Diplomacy","11/8/24"
"Madam Secretary: Season 3: Labor of Love","11/8/24"
"Madam Secretary: Season 3: The Beautiful Game","11/8/24"
"Madam Secretary: Season 3: The Detour","11/8/24"
"Madam Secretary: Season 3: Gift Horse","11/7/24"
"Madam Secretary: Season 3: The Race","11/7/24"
"Madam Secretary: Season 3: Snap Back","11/7/24"
"Madam Secretary: Season 3: The French Revolution","11/7/24"
"Madam Secretary: Season 3: Breakout Capacity","11/7/24"
"Madam Secretary: Season 3: Tectonic Shift","11/7/24"
"Madam Secretary: Season 3: The Statement","11/7/24"
"Madam Secretary: Season 3: The Dissent Memo","11/7/24"
"Madam Secretary: Season 3: South China Sea","11/7/24"
"Madam Secretary: Season 3: The Linchpin","11/7/24"
"Madam Secretary: Season 3: Sea Change","11/7/24"
"Madam Secretary: Season 2: Vartius","11/7/24"
"Madam Secretary: Season 2: Render Safe","11/7/24"
"Madam Secretary: Season 2: Connection Lost","11/7/24"
"Madam Secretary: Season 2: Ghost Detainee","11/7/24"
"Madam Secretary: Season 2: Desperate Remedies","11/7/24"
"Madam Secretary: Season 2: Hijriyyah","11/7/24"
"Madam Secretary: Season 2: On the Clock","11/6/24"
"Madam Secretary: Season 2: Higher Learning","11/6/24"
"Madam Secretary: Season 2: Left of the Boom","11/6/24"
"Madam Secretary: Season 2: Right of the Boom","11/6/24"
"Madam Secretary: Season 2: Invasive Species","11/6/24"
"Madam Secretary: Season 2: The Middle Way","11/6/24"
"Madam Secretary: Season 2: Unity Node","11/4/24"
"Madam Secretary: Season 2: The Greater Good","11/4/24"
"Madam Secretary: Season 2: Russian Roulette","11/4/24"
"Madam Secretary: Season 2: Lights Out","11/4/24"
"Madam Secretary: Season 2: You Say You Want a Revolution","11/1/24"
"Madam Secretary: Season 2: Catch and Release","11/1/24"
"Madam Secretary: Season 2: The Long Shot","11/1/24"
"Madam Secretary: Season 2: Waiting for Taleju","11/1/24"
"Madam Secretary: Season 2: The Rusalka","11/1/24"
"Madam Secretary: Season 2: The Doability Doctrine","11/1/24"
"Madam Secretary: Season 2: The Show Must Go On","11/1/24"
"Madam Secretary: There But for the Grace of God","11/1/24"
"Madam Secretary: The Kill List","11/1/24"
"Madam Secretary: Spartan Figures","11/1/24"
"Madam Secretary: The Necessary Art","10/31/24"
"Madam Secretary: The Time Is at Hand","10/31/24"
"Madam Secretary: Face the Nation","10/31/24"
"Madam Secretary: Tamerlane","10/31/24"
"Madam Secretary: The Ninth Circle","10/31/24"
"Madam Secretary: Whisper of the Ax","10/31/24"
"Madam Secretary: Chains of Command","10/31/24"
"Madam Secretary: Standoff","10/31/24"
"Madam Secretary: Game On","10/31/24"
"Madam Secretary: Collateral Damage","10/31/24"
"Madam Secretary: So It Goes","10/30/24"
"Madam Secretary: Need to Know","10/30/24"
"Madam Secretary: Passage","10/30/24"
"Madam Secretary: The Call","10/30/24"
"Madam Secretary: Blame Canada","10/29/24"
"Madam Secretary: Just Another Normal Day","10/29/24"
"Madam Secretary: The Operative","10/29/24"
"Madam Secretary: Another Benghazi","10/29/24"
"Madam Secretary: Pilot","10/28/24"
"The Lincoln Lawyer: Season 3: The Gods of Guilt","10/28/24"
"The Lincoln Lawyer: Season 3: Ghosts","10/28/24"
"The Lincoln Lawyer: Season 3: Mystery Man","10/28/24"
"The Lincoln Lawyer: Season 3: Relevance","10/28/24"
"The Lincoln Lawyer: Season 3: Man on Fire","10/27/24"
"The Lincoln Lawyer: Season 3: What Happens in Victorville","10/27/24"
"The Lincoln Lawyer: Season 3: Rearview Blind Spots","10/27/24"
"The Lincoln Lawyer: Season 3: Strange Bedfellows","10/26/24"
"The Lincoln Lawyer: Season 3: Special Circumstances","10/26/24"
"The Lincoln Lawyer: Season 2: Bury Your Past","10/26/24"
"The Lincoln Lawyer: Season 2: The Fifth Witness","10/26/24"
"The Lincoln Lawyer: Season 2: Cui Bono","10/26/24"
"The Lincoln Lawyer: Season 3: La Culebra","10/26/24"
"The Lincoln Lawyer: Season 2: Covenants and Stipulations","10/26/24"
"The Lincoln Lawyer: Season 2: Withdrawal","10/25/24"
"The Lincoln Lawyer: Season 2: Suspicious Minds","10/25/24"
"The Lincoln Lawyer: Season 2: Discovery","10/25/24"
"The Lincoln Lawyer: Season 2: Conflicts","10/25/24"
"The Lincoln Lawyer: Season 2: Obligations","10/25/24"
"The Lincoln Lawyer: Season 2: The Rules of Professional Conduct","10/25/24"
"The Lincoln Lawyer: Season 1: The Brass Verdict","10/25/24"
"The Lincoln Lawyer: Season 1: The Uncanny Valley","10/24/24"
"The Lincoln Lawyer: Season 1: The Magic Bullet Redux","10/24/24"
"The Lincoln Lawyer: Season 1: Lemming Number Seven","10/24/24"
"The Lincoln Lawyer: Season 1: Bent","10/24/24"
"The Lincoln Lawyer: Season 1: Twelve Lemmings in a Box","10/23/24"
"The Lincoln Lawyer: Season 1: Chaos Theory","10/23/24"
"The Lincoln Lawyer: Season 1: Momentum","10/23/24"
"The Lincoln Lawyer: Season 1: The Magic Bullet","10/23/24"
"The Lincoln Lawyer: Season 1: He Rides Again","10/23/24"
"The Resident: Season 1: Pilot","10/23/24"
"Outer Banks: Season 1: Pilot","10/23/24"
"Bad Boys: Ride or Die","10/23/24"
"S.W.A.T.: Season 7: Twenty Squad","10/23/24"
"S.W.A.T.: Season 7: Allegiance","10/23/24"
"S.W.A.T.: Season 7: Whispers","10/22/24"
"S.W.A.T.: Season 7: Snafu","10/22/24"
"S.W.A.T.: Season 7: Honeytrap","10/22/24"
"S.W.A.T.: Season 7: Family Man","10/21/24"
"S.W.A.T.: Season 7: Last Call","10/21/24"
"S.W.A.T.: Season 7: Escape","10/21/24"
"S.W.A.T.: Season 7: End of the Road","10/21/24"
"S.W.A.T.: Season 7: Spare Parts","10/21/24"
"S.W.A.T.: Season 7: Good for Nothing","10/21/24"
"S.W.A.T.: Season 7: Peace Talks","10/20/24"
"S.W.A.T.: Season 7: The Promise","10/20/24"
"S.W.A.T.: Season 6: Legacy","10/20/24"
"S.W.A.T.: Season 6: Get Shorty","10/19/24"
"S.W.A.T.: Season 6: All That Glitters","10/19/24"
"S.W.A.T.: Season 6: Bunkies","10/19/24"
"S.W.A.T.: Season 6: Genesis","10/19/24"
"S.W.A.T.: Season 6: Stockholm","10/19/24"
"S.W.A.T.: Season 6: Blowback","10/19/24"
"S.W.A.T.: Season 6: To Protect And To Serve","10/19/24"
"S.W.A.T.: Season 6: Gut Punch","10/19/24"
"S.W.A.T.: Season 6: Addicted","10/19/24"
"S.W.A.T.: Season 6: Lion's Share","10/19/24"
"S.W.A.T.: Season 6: Atonement","10/19/24"
"S.W.A.T.: Season 6: Witness","10/19/24"
"S.W.A.T.: Season 6: Pariah","10/18/24"
"S.W.A.T.: Season 6: Guacaine","10/18/24"
"S.W.A.T.: Season 6: Sequel","10/18/24"
"S.W.A.T.: Season 6: Checkmate","10/18/24"
"S.W.A.T.: Season 6: Unraveling","10/18/24"
"S.W.A.T.: Season 6: Maniak","10/18/24"
"S.W.A.T.: Season 6: Whoa Black Betty","10/18/24"
"S.W.A.T.: Season 6: Thai Another Day","10/18/24"
"S.W.A.T.: Season 6: Thai Hard","10/17/24"
"S.W.A.T.: Season 5: Farewell","10/17/24"
"S.W.A.T.: Season 5: Zodiac","10/17/24"
"S.W.A.T.: Season 5: Quandary","10/16/24"
"S.W.A.T.: Season 5: Incoming","10/16/24"
"S.W.A.T.: Season 5: Family","10/16/24"
"S.W.A.T.: Season 5: Cry Foul","10/16/24"
"S.W.A.T.: Season 5: The Fugitive","10/16/24"
"S.W.A.T.: Season 5: Donor","10/16/24"
"S.W.A.T.: Season 5: Albatross","10/15/24"
"S.W.A.T.: Season 5: Short Fuse","10/15/24"
"S.W.A.T.: Season 5: Provenance","10/15/24"
"S.W.A.T.: Season 5: Old School Cool","10/15/24"
"S.W.A.T.: Season 5: Three Guns","10/14/24"
"S.W.A.T.: Season 5: Survive","10/14/24"
"S.W.A.T.: Season 5: Safe House","10/14/24"
"S.W.A.T.: Season 5: Keep the Faith","10/14/24"
"S.W.A.T.: Season 5: Crisis Actor","10/14/24"
"S.W.A.T.: Season 5: West Coast Offense","10/14/24"
"S.W.A.T.: Season 5: Sentinel","10/14/24"
"S.W.A.T.: Season 5: 27 David","10/14/24"
"S.W.A.T.: Season 5: Madrugada","10/14/24"
"S.W.A.T.: Season 5: Vagabundo","10/14/24"
"S.W.A.T.: Season 4: Veritas Vincit","10/14/24"
"S.W.A.T.: Season 4: Whistleblower","10/14/24"
"S.W.A.T.: Season 4: Lockdown","10/14/24"
"S.W.A.T.: Season 4: Local Heroes","10/13/24"
"S.W.A.T.: Season 4: Reckoning","10/13/24"
"S.W.A.T.: Season 4: Sins of the Fathers","10/13/24"
"S.W.A.T.: Season 4: U-Turn","10/13/24"
"S.W.A.T.: Season 4: Positive Thinking","10/13/24"
"S.W.A.T.: Season 4: Buried","10/13/24"
"S.W.A.T.: Season 4: Next of Kin","10/13/24"
"S.W.A.T.: Season 4: Crusade","10/13/24"
"S.W.A.T.: Season 4: Under Fire","10/13/24"
"S.W.A.T.: Season 4: Hopeless Sinners","10/13/24"
"S.W.A.T.: Season 4: Fracture","10/12/24"
"S.W.A.T.: Season 4: Memento Mori","10/12/24"
"S.W.A.T.: Season 4: The Black Hand Man","10/12/24"
"S.W.A.T.: Season 4: Stakeout","10/12/24"
"S.W.A.T.: Season 4: 3 Seventeen Year Olds","10/12/24"
"S.W.A.T.: Season 3: Diablo","10/12/24"
"S.W.A.T.: Season 3: Wild Ones","10/12/24"
"S.W.A.T.: Season 3: Vice","10/12/24"
"S.W.A.T.: Season 3: Stigma","10/11/24"
"S.W.A.T.: Season 3: Hotel L.A.","10/11/24"
"S.W.A.T.: Season 3: Gunpowder Treason","10/11/24"
"S.W.A.T.: Season 3: Knockout","10/11/24"
"S.W.A.T.: Season 3: Animus","10/11/24"
"S.W.A.T.: Season 3: Ekitai Rashku","10/10/24"
"S.W.A.T.: Season 3: Good Cop","10/10/24"
"S.W.A.T.: Season 3: Bad Cop","10/10/24"
"S.W.A.T.: Season 3: Monster","10/10/24"
"S.W.A.T.: Season 3: Sea Legs","10/9/24"
"S.W.A.T.: Season 3: Kingdom","10/9/24"
"S.W.A.T.: Season 3: Lion's Den","10/9/24"
"S.W.A.T.: Season 3: Track","10/9/24"
"S.W.A.T.: Season 3: The LBC","10/9/24"
"S.W.A.T.: Season 3: Immunity","10/9/24"
"S.W.A.T.: Season 3: Funny Money","10/9/24"
"S.W.A.T.: Season 3: Fire in the Sky","10/9/24"
"S.W.A.T.: Season 3: Bad Faith","10/8/24"
"S.W.A.T.: Season 2: Kangaroo","10/8/24"
"S.W.A.T.: Season 2: Trigger Creep","10/8/24"
"S.W.A.T.: Season 2: Day of Dread","10/8/24"
"S.W.A.T.: Season 2: Rocket Fuel","10/8/24"
"S.W.A.T.: Season 2: Invisible","10/8/24"
"S.W.A.T.: Season 2: Cash Flow","10/8/24"
"S.W.A.T.: Season 2: Jack","10/8/24"
"S.W.A.T.: Season 2: Pride","10/8/24"
"S.W.A.T.: Season 2: Fallen","10/7/24"
"S.W.A.T.: Season 2: The B-Team","10/7/24"
"S.W.A.T.: Season 2: Encore","10/7/24"
"S.W.A.T.: Season 2: Los Huesos","10/7/24"
"S.W.A.T.: Season 2: School","10/7/24"
"S.W.A.T.: Season 2: 1000 Joules","10/7/24"
"S.W.A.T.: Season 2: Day Off","10/7/24"
"S.W.A.T.: Season 2: The Tiffany Experience","10/7/24"
"S.W.A.T.: Season 2: Inheritance","10/7/24"
"S.W.A.T.: Season 2: Never Again","10/7/24"
"S.W.A.T.: Season 2: S.O.S.","10/6/24"
"S.W.A.T.: Season 2: Saving Face","10/6/24"
"S.W.A.T.: Season 2: Fire and Smoke","10/6/24"
"S.W.A.T.: Season 2: Gasoline Drum","10/5/24"
"S.W.A.T.: Season 2: Shaky Town","10/5/24"
"S.W.A.T.: Season 1: Hoax","10/5/24"
"S.W.A.T.: Season 1: Hunted","10/5/24"
"S.W.A.T.: Season 1: Vendetta","10/5/24"
"S.W.A.T.: Season 1: Source","10/4/24"
"S.W.A.T.: Season 1: Patrol","10/4/24"
"S.W.A.T.: Season 1: Armory","10/4/24"
"S.W.A.T.: Season 1: Payback","10/4/24"
"S.W.A.T.: Season 1: Crews","10/4/24"
"S.W.A.T.: Season 1: Ghosts","10/4/24"
"S.W.A.T.: Season 1: Fences","10/4/24"
"S.W.A.T.: Season 1: Contamination","10/4/24"
"S.W.A.T.: Season 1: K-town","10/3/24"
"S.W.A.T.: Season 1: Seizure","10/3/24"
"S.W.A.T.: Season 1: Blindspots","10/3/24"
"S.W.A.T.: Season 1: Miracle","10/3/24"
"S.W.A.T.: Season 1: Homecoming","10/3/24"
"S.W.A.T.: Season 1: Imposters","9/27/24"
"S.W.A.T.: Season 1: Octane","9/27/24"
"S.W.A.T.: Season 1: Pamilya","9/25/24"
"S.W.A.T.: Season 1: Radical","9/25/24"
"S.W.A.T.: Season 1: Cuchillo","9/25/24"
"S.W.A.T.: Season 1: Pilot","9/25/24"
"KAOS: Episode 8","9/24/24"
"KAOS: Episode 7","9/24/24"
"KAOS: Episode 6","9/24/24"
"KAOS: Episode 5","9/23/24"
"KAOS: Episode 4","9/23/24"
"KAOS: Episode 3","9/23/24"
"KAOS: Episode 2","9/23/24"
"KAOS: Episode 1","9/22/24"
"The Blacklist: Season 10: Raymond Reddington (No. 00): Good Night","9/22/24"
"The Blacklist: Season 10: Raymond Reddington (No. 00): Pt. 1","9/21/24"
"The Blacklist: Season 10: Arthur Hudson","9/21/24"
"The Blacklist: Season 10: Room 417","9/21/24"
"The Blacklist: Season 10: Wormwood (No. 182)","9/21/24"
"The Blacklist: Season 10: The Morgana Logistics Corporation (No. 167)","9/21/24"
"The Blacklist: Season 10: Blair Foster (No. 39)","9/21/24"
"The Blacklist: Season 10: The Nowhere Bride (No. 192)","9/21/24"
"The Blacklist: Season 10: The Hat Trick","9/21/24"
"The Blacklist: Season 10: The Sicilian Error of Color","9/20/24"
"The Blacklist: Season 10: Dr. Michael Abani (No. 198)","9/20/24"
"The Blacklist: Season 10: The Man in the Hat","9/20/24"
"The Blacklist: Season 10: The Postman (No. 173)","9/19/24"
"The Blacklist: Season 10: The Troll Farmer (No. 38): Pt. 3","9/19/24"
"The Blacklist: Season 10: The Hyena (No. 200)","9/19/24"
"The Blacklist: Season 10: The Troll Farmer (No. 38): Pt. 2","9/19/24"
"The Blacklist: Season 10: The Freelancer (No. 145): Pt. 2","9/19/24"
"The Blacklist: Season 10: Dr. Laken Perillos: Conclusion","9/19/24"
"The Blacklist: Season 10: The Dockery Affair","9/19/24"
"The Blacklist: Season 10: The Night Owl","9/19/24"
"The Blacklist: Season 10: The Four Guns (No. 199)","9/19/24"
"The Blacklist: Season 10: The Whaler (No. 165)","9/19/24"
"White Collar: Season 6: Au Revoir","9/19/24"
"White Collar: Season 6: Whack-A-Mole","9/19/24"
"White Collar: Season 6: All's Fair","9/19/24"
"White Collar: Season 6: Uncontrolled Variables","9/18/24"
"White Collar: Season 6: Return to Sender","9/18/24"
"White Collar: Season 6: Borrowed Time","9/18/24"
"White Collar: Season 5: Diamond Exchange","9/18/24"
"White Collar: Season 5: Taking Stock","9/18/24"
"White Collar: Season 5: Shot Through the Heart","9/18/24"
"White Collar: Season 5: Live Feed","9/18/24"
"White Collar: Season 5: No Good Deed","9/18/24"
"White Collar: Season 5: Digging Deeper","9/18/24"
"White Collar: Season 5: Quantico Closure","9/18/24"
"White Collar: Season 5: Ice Breaker","9/18/24"
"White Collar: Season 5: Master Plan","9/18/24"
"White Collar: Season 5: Controlling Interest","9/17/24"
"White Collar: Season 5: One Last Stakeout","9/17/24"
"White Collar: Season 5: Out of the Frying Pan","9/17/24"
"White Collar: Season 5: At What Price","9/17/24"
"White Collar: Season 4: In the Wind","9/17/24"
"White Collar: Season 4: The Original","9/17/24"
"White Collar: Season 4: Shoot the Moon","9/17/24"
"White Collar: Season 4: Empire City","9/17/24"
"White Collar: Season 4: Brass Tacks","9/17/24"
"White Collar: Season 4: Family Business","9/17/24"
"White Collar: Season 4: Vested Interest","9/17/24"
"White Collar: Season 4: Gloves Off","9/17/24"
"White Collar: Season 4: Ancient History","9/16/24"
"White Collar: Season 4: Compromising Positions","9/16/24"
"White Collar: Season 4: Identity Crisis","9/16/24"
"White Collar: Season 4: Honor Among Thieves","9/16/24"
"White Collar: Season 4: Parting Shots","9/16/24"
"White Collar: Season 4: Diminishing Returns","9/16/24"
"White Collar: Season 4: Most Wanted","9/15/24"
"White Collar: Season 4: Wanted","9/15/24"
"White Collar: Season 3: Judgment Day","9/14/24"
"White Collar: Season 3: Stealing Home","9/14/24"
"White Collar: Season 3: Pulling Strings","9/14/24"
"White Collar: Season 3: Taking Account","9/14/24"
"White Collar: Season 3: Neighborhood Watch","9/14/24"
"White Collar: Season 3: Upper West Side Story","9/14/24"
"White Collar: Season 3: Checkmate","9/14/24"
"White Collar: Season 3: As You Were","9/14/24"
"White Collar: Season 3: Countdown","9/14/24"
"White Collar: Season 3: On the Fence","9/13/24"
"White Collar: Season 3: Scott Free","9/13/24"
"White Collar: Season 3: Veiled Threat","9/13/24"
"White Collar: Season 3: Dentist of Detroit","9/13/24"
"White Collar: Season 3: Deadline","9/13/24"
"White Collar: Season 3: Where There's a Will","9/13/24"
"White Collar: Season 3: On Guard","9/13/24"
"White Collar: Season 2: Under the Radar","9/12/24"
"White Collar: Season 2: Power Play","9/12/24"
"White Collar: Season 2: Payback","9/12/24"
"White Collar: Season 2: Countermeasures","9/12/24"
"White Collar: Season 2: What Happens in Burma","9/12/24"
"White Collar: Season 2: Forging Bonds","9/12/24"
"White Collar: Season 2: Burke's Seven","9/12/24"
"White Collar: Season 2: Point Blank","9/11/24"
"White Collar: Season 2: Company Man","9/11/24"
"White Collar: Season 2: Prisoner's Dilemma","9/11/24"
"White Collar: Season 2: In the Red","9/11/24"
"White Collar: Season 2: Unfinished Business","9/11/24"
"White Collar: Season 2: By the Book","9/7/24"
"White Collar: Season 2: Copycat Caffrey","9/7/24"
"White Collar: Season 2: Need to Know","9/7/24"
"White Collar: Season 2: Withdrawal","9/7/24"
"White Collar: Out of the Box","9/7/24"
"White Collar: Front Man","9/5/24"
"White Collar: Bottlenecked","9/5/24"
"White Collar: Home Invasion","9/4/24"
"White Collar: Bad Judgement","9/4/24"
"White Collar: Vital Signs","8/31/24"
"White Collar: Hard Sell","8/31/24"
"White Collar: Free Fall","8/31/24"
"White Collar: All In","8/31/24"
"White Collar: The Portrait","8/28/24"
"White Collar: Flip of the Coin","8/28/24"
"White Collar: Book of Hours","8/28/24"
"White Collar: Threads","8/28/24"
"White Collar: Pilot, Part 2","8/28/24"
"White Collar: Pilot, Part 1","8/28/24"
"The Dragon Prince: Season 6: Stardust","8/27/24"
"The Dragon Prince: Season 6: We All Fall Down","8/27/24"
"The Dragon Prince: Season 6: The Red Wedding","8/27/24"
"The Dragon Prince: Season 6: Moment of Truth","8/27/24"
"The Dragon Prince: Season 6: Moonless Night","8/27/24"
"The Dragon Prince: Season 6: The Starscraper","8/26/24"
"The Dragon Prince: Season 6: The Frozen Ship","8/26/24"
"The Dragon Prince: Season 6: Love, War and Mushrooms","8/26/24"
"The Dragon Prince: Season 6: Startouched","8/23/24"
"The Dragon Prince: Season 5: Infantis Sanguine","8/22/24"
"The Dragon Prince: Season 5: Finnegrin's Wake","8/22/24"
"The Dragon Prince: Season 5: Sea Legs","8/22/24"
"The Dragon Prince: Season 5: Bait and Switch","8/22/24"
"The Dragon Prince: Season 5: Archmage Akiyu","8/21/24"
"The Dragon Prince: Season 5: The Great Bookery","8/21/24"
"The Dragon Prince: Season 5: Nightmares and Revelations","8/21/24"
"The Dragon Prince: Season 5: Old Wounds","8/21/24"
"The Dragon Prince: Season 5: Domina Profundis","8/21/24"
"The Umbrella Academy: Season 4: End of the Beginning","8/20/24"
"The Umbrella Academy: Season 4: Six Years, Five Months, and Two Days","8/20/24"
"The Umbrella Academy: Season 4: The Cleanse","8/20/24"
"The Umbrella Academy: Season 4: The Unbearable Tragedy of Getting What You Want","8/20/24"
"The Umbrella Academy: Season 4: The Squid and the Girl","8/20/24"
"The Umbrella Academy: Season 4: Jean and Gene","8/20/24"
"How I Met Your Mother: Season 9: Last Forever: Part Two","8/18/24"
"How I Met Your Mother: Season 9: Last Forever: Part One","8/18/24"
"How I Met Your Mother: Season 9: The End of the Aisle","8/16/24"
"How I Met Your Mother: Season 9: Gary Blauman","8/16/24"
"How I Met Your Mother: Season 9: Daisy","8/16/24"
"How I Met Your Mother: Season 9: Vesuvius","8/16/24"
"How I Met Your Mother: Season 9: Rally","8/16/24"
"How I Met Your Mother: Season 9: Sunrise","8/16/24"
"How I Met Your Mother: Season 9: How Your Mother Met Me","8/16/24"
"How I Met Your Mother: Season 9: Unpause","8/16/24"
"How I Met Your Mother: Season 9: Slapsgiving 3: Slappointment in Slapmarra","8/16/24"
"How I Met Your Mother: Season 9: Bass Player Wanted","8/16/24"
"How I Met Your Mother: Season 9: The Rehearsal Dinner","8/16/24"
"How I Met Your Mother: Season 9: Bedtime Stories","8/16/24"
"How I Met Your Mother: Season 9: Mom and Dad","8/16/24"
"How I Met Your Mother: Season 9: The Broken Code","8/16/24"
"How I Met Your Mother: Season 9: No Questions Asked","8/16/24"
"How I Met Your Mother: Season 9: Knight Vision","8/16/24"
"How I Met Your Mother: Season 9: The Poker Game","8/16/24"
"How I Met Your Mother: Season 9: Platonish","8/15/24"
"How I Met Your Mother: Season 9: The Lighthouse","8/15/24"
"How I Met Your Mother: Season 9: Last Time in New York","8/15/24"
"How I Met Your Mother: Season 9: Coming Back","8/15/24"
"How I Met Your Mother: Season 9: The Locket","8/15/24"
"How I Met Your Mother: Season 8: Something New","8/14/24"
"How I Met Your Mother: Season 8: Something Old","8/14/24"
"How I Met Your Mother: Season 8: The Bro Mitzvah","8/14/24"
"How I Met Your Mother: Season 8: Romeward Bound","8/14/24"
"How I Met Your Mother: Season 8: The Time Travelers","8/14/24"
"How I Met Your Mother: Season 8: The Fortress","8/14/24"
"How I Met Your Mother: Season 8: Weekend at Barney's","8/13/24"
"How I Met Your Mother: Season 8: The Ashtray","8/13/24"
"How I Met Your Mother: Season 8: Bad Crazy","8/13/24"
"How I Met Your Mother: Season 8: P.S. I Love You","8/13/24"
"How I Met Your Mother: Season 8: Ring Up!","8/13/24"
"How I Met Your Mother: Season 8: Band or DJ?","8/13/24"
"How I Met Your Mother: Season 8: The Final Page: Part 2","8/13/24"
"How I Met Your Mother: Season 8: The Final Page: Part 1","8/13/24"
"How I Met Your Mother: Season 8: The Over-Correction","8/11/24"
"How I Met Your Mother: Season 8: Lobster Crawl","8/11/24"
"How I Met Your Mother: Season 8: Twelve Horny Women","8/10/24"
"Unstable: Season 2: Ellis U","8/9/24"
"Unstable: Season 2: Ron Tabasco","8/9/24"
"Unstable: Season 2: Dragon Slayer","8/9/24"
"Unstable: Season 2: MOCAP Man","8/9/24"
"Unstable: Season 2: Mindhunter","8/8/24"
"Unstable: Season 2: Retreat","8/8/24"
"Unstable: Season 2: Winning Time","8/8/24"
"Unstable: Season 2: Shanked","8/8/24"
"How I Met Your Mother: Season 8: The Stamp Tramp","8/8/24"
"How I Met Your Mother: Season 8: Splitsville","8/8/24"
"How I Met Your Mother: Season 8: The Autumn of Break-Ups","8/8/24"
"How I Met Your Mother: Season 8: Who Wants to Be a Godparent?","8/3/24"
"How I Met Your Mother: Season 8: Nannies","8/3/24"
"How I Met Your Mother: Season 8: The Pre-Nup","8/3/24"
"How I Met Your Mother: Season 8: Farhampton","8/3/24"
"How I Met Your Mother: Season 7: The Magician's Code Part 2","8/3/24"
"How I Met Your Mother: Season 7: The Magician's Code Part 1","8/3/24"
"How I Met Your Mother: Season 7: Good Crazy","8/3/24"
"How I Met Your Mother: Season 7: Now We're Even","8/1/24"
"How I Met Your Mother: Season 7: Trilogy Time","8/1/24"
"How I Met Your Mother: Season 7: The Broath","8/1/24"
"How I Met Your Mother: Season 7: Karma","8/1/24"
"How I Met Your Mother: Season 7: No Pressure","7/31/24"
"How I Met Your Mother: Season 7: The Drunk Train","7/31/24"
"How I Met Your Mother: Season 7: The Burning Beekeeper","7/31/24"
"How I Met Your Mother: Season 7: 46 Minutes","7/31/24"
"How I Met Your Mother: Season 7: Tailgate","7/31/24"
"How I Met Your Mother: Season 7: Symphony of Illumination","7/31/24"
"Queenpins","7/29/24"
"Fool Me Once: Limited Series: Episode 1","7/19/24"
"Tacoma FD: Season 4: Bad Blood","7/19/24"
"Tacoma FD: Season 4: Kangaroo Court","7/19/24"
"Tacoma FD: Season 4: It's a Penisi-ful Life","7/19/24"
"Tacoma FD: Season 4: Firefighters Only","7/19/24"
"Tacoma FD: Season 4: Gone Dutch","7/19/24"
"Tacoma FD: Season 4: Chicken Fight","7/18/24"
"Tacoma FD: Season 4: Big Trouble in Little Belgium","7/18/24"
"Tacoma FD: Season 4: Valentine's Day","7/18/24"
"Tacoma FD: Season 4: Death Photo","7/18/24"
"Tacoma FD: Season 4: Who Gives A-Shift?","7/18/24"
"Tacoma FD: Season 4: The Penisi Way","7/18/24"
"Tacoma FD: Season 4: The Probie Imbroglio","7/18/24"
"Tacoma FD: Season 4: Pirate World FD","7/18/24"
"Tacoma FD: Season 3: Fire at the Fire Station","7/18/24"
"Tacoma FD: Season 3: Thanksgiving","7/18/24"
"Tacoma FD: Season 3: Pickleball","7/18/24"
"Tacoma FD: Season 3: Eddie's Exes","7/18/24"
"Tacoma FD: Season 3: Wedding Crashers","7/17/24"
"Tacoma FD: Season 3: Eddie the Chief","7/17/24"
"Tacoma FD: Season 3: The Quiet Party","7/17/24"
"Tacoma FD: Season 3: Rise of the Machines","7/17/24"
"Tacoma FD: Season 3: Carpet Diem","7/17/24"
"Tacoma FD: Season 3: How I Met Your Mother","7/17/24"
"Tacoma FD: Season 3: The Big Chill","7/17/24"
"Tacoma FD: Season 3: Hell Week","7/17/24"
"Tacoma FD: Season 3: Quarantine","7/17/24"
"Tacoma FD: Season 2: A Christmas Story","7/17/24"
"Tacoma FD: Season 2: To Nightmare Manor","7/17/24"
"Tacoma FD: Season 2: Firefighter's Ball Part 2","7/17/24"
"Tacoma FD: Season 2: Firefighter's Ball Part 1","7/17/24"
"Tacoma FD: Season 2: Ike and Mike","7/17/24"
"Tacoma FD: Season 2: The Crying Game","7/17/24"
"Tacoma FD: Season 2: Fire Choir","7/16/24"
"Tacoma FD: Season 2: The C-Team","7/16/24"
"Tacoma FD: Season 2: I'm Eddie Penisi...Sr.","7/16/24"
"Tacoma FD: Season 2: Lucy Wants a Friend","7/16/24"
"Tacoma FD: Season 2: Whodunit?","7/16/24"
"Tacoma FD: Season 2: Fire in Sex Town","7/16/24"
"Tacoma FD: Season 2: Payday","7/16/24"
"Tacoma FD: Fire at the Dispensary","7/16/24"
"Tacoma FD: I'm Eddie Penisi","7/16/24"
"Tacoma FD: Where's the Beefcake","7/16/24"
"Tacoma FD: Old Flame","7/16/24"
"Tacoma FD: Full Moon Fever","7/16/24"
"Tacoma FD: Training Day","7/16/24"
"Tacoma FD: The B-Team","7/16/24"
"Tacoma FD: A New Hope","7/16/24"
"Tacoma FD: Cop Wars","7/16/24"
"Tacoma FD: On the Hot Seat","7/16/24"
"Evil: Season 2: C Is for Cannibal","7/15/24"
"Evil: Season 2: D Is for Doll","7/15/24"
"Evil: Season 2: I Is for IRS","7/15/24"
"Evil: Season 2: O Is for Ovaphobia","7/15/24"
"Evil: Season 2: U Is for U.F.O.","7/15/24"
"Evil: Season 2: B Is for Brain","7/15/24"
"Evil: Season 2: S Is for Silence","7/15/24"
"Evil: Season 2: C Is for Cop","7/13/24"
"Evil: Season 2: E Is for Elevator","7/13/24"
"Evil: Season 2: F Is for Fire","7/13/24"
"Evil: Season 2: Z Is for Zombies","7/13/24"
"Evil: Season 2: A Is for Avenging Angel","7/13/24"
"Evil: Season 2: N Is for Night Terrors","7/13/24"
"Evil: Book 27","7/13/24"
"Evil: Justice x 2","7/13/24"
"Evil: Room 320","7/12/24"
"Evil: 7 Swans a Singin","7/12/24"
"Evil: Exorcism Part 2","7/12/24"
"Evil: 2 Fathers","7/12/24"
"Evil: Vatican 3","7/12/24"
"Evil: 790","7/12/24"
"Evil: October 31","7/12/24"
"Evil: Rose390","7/10/24"
"Evil: 3 Stars","7/10/24"
"Evil: 177 Minutes","7/9/24"
"Evil: Genesis 1","7/9/24"
"Supacell: Supacell","7/8/24"
"Supacell: Rodney","7/8/24"
"Supacell: Andre","7/8/24"
"Supacell: Sabrina","7/8/24"
"Supacell: Tazer","7/4/24"
"Supacell: Michael","7/4/24"
"Suits: Season 9: One Last Con","7/4/24"
"Suits: Season 9: Thunder Away","7/4/24"
"Suits: Season 9: Prisoner's Dilemma","7/4/24"
"Suits: Season 9: Scenic Route","7/4/24"
"Suits: Season 9: Whatever It Takes","7/4/24"
"Suits: Season 9: If the Shoe Fits","7/4/24"
"Suits: Season 9: Cairo","7/4/24"
"Suits: Season 9: Windmills","7/4/24"
"Suits: Season 9: Special Master","7/4/24"
"Suits: Season 9: Everything's Changed","7/4/24"
"Suits: Season 8: Harvey","7/3/24"
"Suits: Season 8: Stalking Horse","7/2/24"
"Suits: Season 8: Peas in a Pod","7/2/24"
"Suits: Season 8: The Greater Good","7/2/24"
"Suits: Season 8: Whale Hunt","7/2/24"
"Suits: Season 8: Rocky 8","7/2/24"
"Suits: Season 8: Managing Partner","7/2/24"
"Suits: Season 8: Motion to Delay","7/2/24"
"Suits: Season 8: Right-Hand Man","7/2/24"
"Suits: Season 8: Coral Gables","7/2/24"
"Suits: Season 8: Sour Grapes","7/2/24"
"Suits: Season 8: Cats, Ballet, Harvey Specter","7/2/24"
"Suits: Season 8: Good Mudding","7/1/24"
"Suits: Season 8: Revenue Per Square Foot","7/1/24"
"Suits: Season 8: Promises, Promises","7/1/24"
"Suits: Season 8: Pecking Order","7/1/24"
"Hit Man","7/1/24"
"Baby Reindeer: Limited Series: Episode 7","6/28/24"
"Baby Reindeer: Limited Series: Episode 6","6/28/24"
"Baby Reindeer: Limited Series: Episode 5","6/28/24"
"Baby Reindeer: Limited Series: Episode 4","6/28/24"
"Baby Reindeer: Limited Series: Episode 3","6/28/24"
"Baby Reindeer: Limited Series: Episode 2","6/28/24"
"Baby Reindeer: Limited Series: Episode 1","6/28/24"
"BLOCKBUSTER: Sh*t Storm","6/24/24"
"BLOCKBUSTER: Thimble","6/24/24"
"BLOCKBUSTER: Special Guy Day","6/18/24"
"BLOCKBUSTER: Intimate Angels","6/18/24"
"BLOCKBUSTER: Parental Control","6/18/24"
"BLOCKBUSTER: King of Queens","6/18/24"
"BLOCKBUSTER: The Itsy Bizzies","6/18/24"
"BLOCKBUSTER: Evan and Trevin","6/18/24"
"BLOCKBUSTER: Blockbuster Daddy","6/18/24"
"Shane Gillis: Beautiful Dogs","6/15/24"
"BLOCKBUSTER: Pilot","6/14/24"
"Upgrade","6/3/24"
"Voyagers","5/30/24"
"Atlas","5/30/24"
"Brooklyn Nine-Nine: Season 4: Crime & Punishment","5/25/24"
"Brooklyn Nine-Nine: Season 4: The Bank Job","5/25/24"
"Brooklyn Nine-Nine: Season 4: The Slaughterhouse","5/25/24"
"Brooklyn Nine-Nine: Season 4: Your Honor","5/25/24"
"Brooklyn Nine-Nine: Season 4: Chasing Amy","5/25/24"
"Brooklyn Nine-Nine: Season 4: Cop-Con","5/25/24"
"Brooklyn Nine-Nine: Season 4: Moo Moo","5/25/24"
"Brooklyn Nine-Nine: Season 4: The Last Ride","5/25/24"
"Brooklyn Nine-Nine: Season 4: Serve & Protect","5/25/24"
"Brooklyn Nine-Nine: Season 4: The Audit","5/25/24"
"Brooklyn Nine-Nine: Season 4: The Fugitive: Part 2","5/25/24"
"Brooklyn Nine-Nine: Season 4: The Fugitive: Part 1","5/25/24"
"Brooklyn Nine-Nine: Season 4: Captain Latvia","5/25/24"
"Brooklyn Nine-Nine: Season 4: The Overmining","5/25/24"
"Brooklyn Nine-Nine: Season 4: Skyfire Cycle","5/24/24"
"Brooklyn Nine-Nine: Season 4: Mr. Santiago","5/24/24"
"Brooklyn Nine-Nine: Season 4: Monster in the Closet","5/24/24"
"Brooklyn Nine-Nine: Season 4: Halloween IV","5/24/24"
"Brooklyn Nine-Nine: Season 4: The Night Shift","5/24/24"
"Brooklyn Nine-Nine: Season 4: Coral Palms: Part 3","5/24/24"
"Brooklyn Nine-Nine: Season 4: Coral Palms: Part 2","5/24/24"
"Brooklyn Nine-Nine: Season 4: Coral Palms: Part 1","5/24/24"
"Brooklyn Nine-Nine: Season 3: Greg and Larry","5/24/24"
"Brooklyn Nine-Nine: Season 3: The Bureau","5/24/24"
"Brooklyn Nine-Nine: Season 3: Maximum Security","5/24/24"
"Brooklyn Nine-Nine: Season 3: Paranoia","5/24/24"
"Brooklyn Nine-Nine: Season 3: Terry Kitties","5/24/24"
"Brooklyn Nine-Nine: Season 3: Cheddar","5/24/24"
"Brooklyn Nine-Nine: Season 3: The 9-8","5/24/24"
"Brooklyn Nine-Nine: Season 3: Adrian Pimento","5/23/24"
"Brooklyn Nine-Nine: Season 3: House Mouses","5/23/24"
"Brooklyn Nine-Nine: Season 3: Karen Peralta","5/23/24"
"Brooklyn Nine-Nine: Season 3: The Cruise","5/23/24"
"Brooklyn Nine-Nine: Season 3: 9 Days","5/23/24"
"Brooklyn Nine-Nine: Season 3: Hostage Situation","5/23/24"
"Brooklyn Nine-Nine: Season 3: Yippie Kayak","5/23/24"
"Brooklyn Nine-Nine: Season 3: The Swedes","5/23/24"
"Brooklyn Nine-Nine: Season 3: Ava","5/23/24"
"Brooklyn Nine-Nine: Season 3: The Mattress","5/23/24"
"Brooklyn Nine-Nine: Season 3: Into the Woods","5/23/24"
"Brooklyn Nine-Nine: Season 3: Halloween Part III","5/22/24"
"Brooklyn Nine-Nine: Season 3: The Oolong Slayer","5/22/24"
"Brooklyn Nine-Nine: Season 3: Boyle's Hunch","5/22/24"
"Brooklyn Nine-Nine: Season 3: The Funeral","5/22/24"
"Brooklyn Nine-Nine: Season 3: New Captain","5/21/24"
"Brooklyn Nine-Nine: Season 2: Johnny and Dora","5/21/24"
"Brooklyn Nine-Nine: Season 2: The Chopper","5/21/24"
"Brooklyn Nine-Nine: Season 2: Det. Dave Majors","5/21/24"
"Brooklyn Nine-Nine: Season 2: AC/DC","5/21/24"
"Brooklyn Nine-Nine: Season 2: Sabotage","5/21/24"
"Brooklyn Nine-Nine: Season 2: Captain Peralta","5/21/24"
"Brooklyn Nine-Nine: Season 2: Boyle-Linetti Wedding","5/21/24"
"Brooklyn Nine-Nine: Season 2: The Wednesday Incident","5/20/24"
"Brooklyn Nine-Nine: Season 2: Windbreaker City","5/20/24"
"Brooklyn Nine-Nine: Season 2: The Defense Rests","5/20/24"
"Brooklyn Nine-Nine: Season 2: Payback","5/20/24"
"Brooklyn Nine-Nine: Season 2: Beach House","5/20/24"
"Brooklyn Nine-Nine: Season 2: Stakeout","5/19/24"
"Brooklyn Nine-Nine: Season 2: The Pontiac Bandit Returns","5/19/24"
"Brooklyn Nine-Nine: Season 2: The Road Trip","5/19/24"
"Brooklyn Nine-Nine: Season 2: USPIS","5/19/24"
"Brooklyn Nine-Nine: Season 2: Lockdown","5/19/24"
"Brooklyn Nine-Nine: Season 2: Jake and Sophia","5/19/24"
"Archer: Season 8: Auflösung","5/18/24"
"Archer: Season 8: Gramercy, Halberd!","5/18/24"
"Brooklyn Nine-Nine: Season 2: The Mole","5/17/24"
"Brooklyn Nine-Nine: Season 2: Halloween II","5/17/24"
"Brooklyn Nine-Nine: Season 2: The Jimmy Jab Games","5/17/24"
"Archer: Season 8: Waxing Gibbous","5/17/24"
"Archer: Season 8: Sleepers Wake","5/17/24"
"Archer: Season 8: Ladyfingers","5/17/24"
"Brooklyn Nine-Nine: Season 2: Chocolate Milk","5/17/24"
"Brooklyn Nine-Nine: Season 2: Undercover","5/16/24"
"Brooklyn Nine-Nine: Season 1: Charges and Specs","5/16/24"
"Brooklyn Nine-Nine: Season 1: Unsolvable","5/16/24"
"Archer: Season 8: Jane Doe","5/16/24"
"Archer: Season 8: Berenice","5/16/24"
"Archer: Season 8: No Good Deed","5/16/24"
"Brooklyn Nine-Nine: Season 1: Fancy Brudgom","5/16/24"
"Brooklyn Nine-Nine: Season 1: Tactical Village","5/16/24"
"Brooklyn Nine-Nine: Season 1: The Apartment","5/15/24"
"Brooklyn Nine-Nine: Season 1: Full Boyle","5/15/24"
"Brooklyn Nine-Nine: Season 1: The Party","5/15/24"
"Brooklyn Nine-Nine: Season 1: Operation: Broken Feather","5/15/24"
"Brooklyn Nine-Nine: Season 1: The Ebony Falcon","5/15/24"
"Brooklyn Nine-Nine: Season 1: The Bet","5/15/24"
"Brooklyn Nine-Nine: Season 1: Pontiac Bandit","5/15/24"
"Brooklyn Nine-Nine: Season 1: Christmas","5/15/24"
"Brooklyn Nine-Nine: Season 1: Thanksgiving","5/15/24"
"Brooklyn Nine-Nine: Season 1: Sal's Pizza","5/15/24"
"Brooklyn Nine-Nine: Season 1: Old School","5/15/24"
"Brooklyn Nine-Nine: Season 1: 48 Hours","5/6/24"
"Brooklyn Nine-Nine: Season 1: Halloween","5/6/24"
"Brooklyn Nine-Nine: Season 1: The Vulture","5/6/24"
"Brooklyn Nine-Nine: Season 1: M.E. Time","5/4/24"
"Brooklyn Nine-Nine: Season 1: The Slump","5/4/24"
"Brooklyn Nine-Nine: Season 1: The Tagger","5/4/24"
"Avatar The Last Airbender: Aang","5/4/24"
"Resident Alien: Season 2: I Believe in Aliens","5/2/24"
"Resident Alien: Season 2: Best of Enemies","5/2/24"
"Resident Alien: Season 2: Cat and Mouse","5/2/24"
"Resident Alien: Season 2: Harry, A Parent","5/1/24"
"Resident Alien: Season 2: The Alien Within","5/1/24"
"Resident Alien: Season 2: The Weight","4/30/24"
"Resident Alien: Season 2: The Ghost of Bobby Smallwood","4/27/24"
"Resident Alien: Season 2: Autopsy","4/27/24"
"Resident Alien: Season 2: Alien Dinner Party","4/26/24"
"Resident Alien: Season 2: Escape from New York","4/26/24"
"Resident Alien: Season 2: An Alien in New York","4/25/24"
"Resident Alien: Season 2: Family Day","4/25/24"
"Resident Alien: Season 2: Radio Harry","4/19/24"
"Resident Alien: Season 2: Girls’ Night","4/16/24"
"Resident Alien: Season 2: The Wire","4/15/24"
"Resident Alien: Season 2: Old Friends","4/15/24"
"Brooklyn Nine-Nine: Season 1: Pilot","4/15/24"
"Ender's Game","4/13/24"
"3 Body Problem: Season 1: Wallfacer","4/5/24"
"3 Body Problem: Season 1: Only Advance","4/5/24"
"3 Body Problem: Season 1: The Stars Our Destination","4/4/24"
"3 Body Problem: Season 1: Judgment Day","4/4/24"
"3 Body Problem: Season 1: Our Lord","4/3/24"
"3 Body Problem: Season 1: Destroyer of Worlds","4/3/24"
"3 Body Problem: Season 1: Red Coast","4/2/24"
"3 Body Problem: Season 1: Countdown","4/2/24"
"Resident Alien: Season 1: Heroes of Patience","2/24/24"
"Resident Alien: Season 1: Welcome Aliens","2/24/24"
"Resident Alien: Season 1: End of the World as We Know It","2/24/24"
"Resident Alien: Season 1: The Green Glow","2/23/24"
"Resident Alien: Season 1: Sexy Beast","2/23/24"
"Resident Alien: Season 1: Love Language","2/23/24"
"Resident Alien: Season 1: Birds of a Feather","2/22/24"
"Resident Alien: Season 1: Secrets","2/22/24"
"Resident Alien: Season 1: Homesick","2/22/24"
"Taylor Tomlinson: Have It All","2/22/24"
"Dumb Money","2/17/24"
"Resident Alien: Season 1: Pilot","2/17/24"
"Loudermilk: You're Only as Sick as Your Secrets","2/11/24"
"Dark: Season 1: Secrets","2/10/24"
"Dark: Season 1: Past and Present","2/10/24"
"Long Shot","2/8/24"
"Loudermilk: Shark Week","2/7/24"
"I Think You Should Leave with Tim Robinson: Season 1: Has This Ever Happened To You?","2/7/24"
"I Think You Should Leave with Tim Robinson: Season 3: THAT WAS THE EARTH TELLING ME I’M SUPPOSED TO DO SOMETHING GREAT.","2/7/24"
"Loudermilk: A Girl in Trouble Is a Temporary Thing","2/7/24"
"Unstable: Season 1: A Dragon’s Fire","2/4/24"
"Unstable: Season 1: Roasting for Beginners","2/4/24"
"Unstable: Season 1: The Ballad of Eduardo","2/4/24"
"Unstable: Season 1: Beautiful Birthday Bastards","2/4/24"
"Moneyball","2/4/24"
"Unstable: Season 1: Pilgrims and Sex Parties","2/3/24"
"Unstable: Season 1: The Wizard of Odd","2/3/24"
"Unstable: Season 1: Engaged, Focused and Ridiculously Sane","2/3/24"
"Unstable: Season 1: Unstable","2/3/24"
"Trevor Noah: Where Was I","2/2/24"
"John Wick","1/31/24"
"Leave the World Behind","1/30/24"
"The Out-Laws","1/26/24"
"The Misfits","1/26/24"
"The Super Mario Bros. Movie","1/26/24"
"Hilda: Season 3: Chapter 8: The Fairy Isle","1/13/24"
"Hilda: Season 3: Chapter 7: Strange Frequencies","1/12/24"
"Hilda: Season 3: Chapter 6: The Forgotten Lake","1/12/24"
"Hilda: Season 3: Chapter 5: The Job","1/12/24"
"Hilda: Season 3: Chapter 4: The Laughing Merman","1/11/24"
"Hilda: Season 3: Chapter 3: The Giantslayer","1/11/24"
"The Gray Man","1/10/24"
"Spider-Man: Across the Spider-Verse","1/10/24"
"Old Dads","1/7/24"
"The Blues Brothers","1/7/24"
"Matt Rife: Natural Selection","1/5/24"
"Army of Thieves","1/3/24"
"Lucy","12/30/23"
"Family Switch","12/30/23"
"Uncharted","12/30/23"
"The Night Agent: Season 1: The Call","12/30/23"
"Hilda: Season 3: Chapter 2: The Fairy Mound","12/30/23"
"Hilda: Season 3: Chapter 1: The Train to Tofoten","12/30/23"
"Living with Yourself: Nice Knowing You","12/28/23"
"Living with Yourself: Piña Colada","12/28/23"
"Living with Yourself: Neighbors and Friends","12/28/23"
"Living with Yourself: Va Bene","12/28/23"
"Living with Yourself: Soul Mate","12/27/23"
"Living with Yourself: Green Tea","12/27/23"
"Living with Yourself: Made in a Strip Mall","12/27/23"
"Living with Yourself: The Best You Can Be","12/27/23"
"Red Notice","12/27/23"
"​Carol & The End of The World: Limited Series: The Distraction","12/19/23"
"​Carol & The End of The World: Limited Series: Pilot","12/19/23"
"Young Sheldon: Season 5: A Clogged Pore, a Little Spanish and the Future","12/5/23"
"Young Sheldon: Season 5: A Lobster, an Armadillo and a Way Bigger Number","12/5/23"
"Young Sheldon: Season 5: Babies, Lies and a Resplendent Cannoli","12/5/23"
"Young Sheldon: Season 5: White Trash, Holy Rollers and Punching People","12/5/23"
"Young Sheldon: Season 5: Uncle Sheldon and a Hormonal Firecracker","12/5/23"
"Young Sheldon: Season 5: A God-Fearin' Baptist and a Hot Trophy Husband","12/5/23"
"Young Sheldon: Season 5: A Solo Peanut, a Social Butterfly and the Truth","12/5/23"
"Young Sheldon: Season 5: A Suitcase Full of Cash and a Yellow Clown Car","12/5/23"
"Young Sheldon: Season 5: A Free Scratcher and Feminine Wiles","12/5/23"
"Young Sheldon: Season 5: A Lot of Band-Aids and the Cooper Surrender","12/5/23"
"Young Sheldon: Season 5: A Pink Cadillac and a Glorious Tribal Dance","12/5/23"
"Young Sheldon: Season 5: A Lock-In, a Weather Girl and a Disgusting Habit","12/5/23"
"Young Sheldon: Season 5: An Expensive Glitch and a Goof-Off Room","12/5/23"
"Young Sheldon: Season 5: The Yips and an Oddly Hypnotic Bohemian","12/5/23"
"Young Sheldon: Season 5: The Grand Chancellor and a Den of Sin","12/5/23"
"Young Sheldon: Season 5: An Introduction to Engineering and a Glob of Hair Gel","12/5/23"
"Young Sheldon: Season 5: Money Laundering and a Cascade of Hormones","12/5/23"
"Young Sheldon: Season 5: Stuffed Animals and a Sweet Southern Syzygy","12/5/23"
"Young Sheldon: Season 5: Pish Posh and a Secret Back Room","12/5/23"
"Young Sheldon: Season 5: Potential Energy and Hooch on a Park Bench","12/5/23"
"Young Sheldon: Season 5: Snoopin' Around and the Wonder Twins of Atheism","12/5/23"
"Young Sheldon: Season 5: One Bad Night and Chaos of Selfish Desires","12/5/23"
"Young Sheldon: Season 4: The Wild and Woolly World of Nonlinear Dynamics","12/5/23"
"Young Sheldon: Season 4: A Black Hole","12/5/23"
"Young Sheldon: Season 4: A Second Prodigy and the Hottest Tips for Pouty Lips","12/5/23"
"Young Sheldon: Season 4: A Virus, Heartbreak and a World of Possibilities","12/5/23"
"Young Sheldon: Season 4: Mitch's Son and the Unconditional Approval of a Government Agency","12/4/23"
"Young Sheldon: Season 4: The Geezer Bus and a New Model For Education","12/4/23"
"Young Sheldon: Season 4: A Box of Treasure and the Meemaw of Science","12/4/23"
"Young Sheldon: Season 4: A Pager, a Club and a Cranky Bag of Wrinkles","12/4/23"
"Young Sheldon: Season 4: Cowboy Aerobics and 473 Grease-Free Bolts","12/4/23"
"Young Sheldon: Season 4: Crappy Frozen Ice Cream and an Organ Grinder's Monkey","12/4/23"
"Young Sheldon: Season 4: An Existential Crisis and a Bear That Makes Bubbles","12/4/23"
"Young Sheldon: Season 4: A Philosophy Class and Worms That Can Chase You","12/4/23"
"Young Sheldon: Season 4: A Docent, a Little Lady and a Bouncer Named Dalton","12/4/23"
"Young Sheldon: Season 4: Freshman Orientation and the Invention of the Zipper","12/4/23"
"Young Sheldon: Season 4: A Musty Crypt and a Stick to Pee On","12/4/23"
"Young Sheldon: Season 4: Bible Camp and a Chariot of Love","12/4/23"
"Young Sheldon: Season 4: Training Wheels and an Unleashed Chicken","12/4/23"
"Young Sheldon: Season 4: Graduation","12/4/23"
"Young Sheldon: Season 3: A Secret Letter and a Lowly Disc of Processed Meat","12/4/23"
"Young Sheldon: Season 3: A Baby Tooth and the Egyptian God of Knowledge","12/4/23"
"Young Sheldon: Season 3: A House for Sale and Serious Woman Stuff","12/4/23"
"Young Sheldon: Season 3: A Couple Bruised Ribs and a Cereal Box Ghost Detector","12/4/23"
"Young Sheldon: Season 3: An Academic Crime and a More Romantic Taco Bell","12/3/23"
"Young Sheldon: Season 3: Pasadena","12/3/23"
"Young Sheldon: Season 3: A Boyfriend's Ex-Wife and a Good Luck Head Rub","12/3/23"
"Young Sheldon: Season 3: A Slump, A Cross and Roadside Gravel","12/3/23"
"Young Sheldon: Season 3: Contracts, Rules and a Little Bit of Pig Brains","12/2/23"
"Young Sheldon: Season 3: Body Glitter and a Mall Safety Kit","12/2/23"
"Young Sheldon: Season 3: A Live Chicken, A Fried Chicken and Holy Matrimony","12/2/23"
"Young Sheldon: Season 3: Teenager Soup and a Little Ball of Fib","12/2/23"
"Young Sheldon: Season 3: A Party Invitation, Football Grapes and an Earth Chicken","12/2/23"
"Young Sheldon: Season 3: The Sin of Greed and a Chimichanga from Chi-Chi's","12/2/23"
"Young Sheldon: Season 3: Pongo Pygmaeus and a Culture That Encourages Spitting","12/2/23"
"Young Sheldon: Season 3: A Parasol and a Hell of an Arm","12/2/23"
"Young Sheldon: Season 3: A Pineapple and the Bosom of Male Friendship","12/2/23"
"Key & Peele: Season 3: The Return of Substitute Teacher","12/1/23"
"Young Sheldon: Season 3: Hobbitses, Physicses and a Ball with Zip","11/30/23"
"Young Sheldon: Season 3: An Entrepreneurialist and a Swat on the Bottom","11/30/23"
"Young Sheldon: Season 3: A Broom Closet and Satan's Monopoly Board","11/30/23"
"Young Sheldon: Season 3: Quirky Eggheads and Texas Snow Globes","11/30/23"
"Young Sheldon: Season 2: A Swedish Science Thing and the Equation for Toast","11/30/23"
"Young Sheldon: Season 2: A Broken Heart and a Crock Monster","11/30/23"
"Young Sheldon: Season 2: A Proposal and a Popsicle Stick Cross","11/30/23"
"Young Sheldon: Season 2: A Political Campaign and a Candy Land Cheater","11/30/23"
"Young Sheldon: Season 2: A Perfect Score and a Bunsen Burner Marshmallow","11/30/23"
"Young Sheldon: Season 2: Albert Einstein and the Story of Another Mary","11/30/23"
"Young Sheldon: Season 2: A Loaf of Bread and a Grand Old Flag","11/30/23"
"Young Sheldon: Season 2: A Math Emergency and Perky Palms","11/29/23"
"Young Sheldon: Season 2: David, Goliath and a Yoo-hoo from the Back","11/29/23"
"Young Sheldon: Season 2: A Nuclear Reactor and a Boy Called Lovey","11/29/23"
"Young Sheldon: Season 2: A Tummy Ache and a Whale of a Metaphor","11/29/23"
"Young Sheldon: Season 2: A Race of Superhumans and a Letter to Alf","11/29/23"
"Young Sheldon: Season 2: A Stunted Childhood and a Can of Fancy Mixed Nuts","11/29/23"
"Young Sheldon: Season 2: Family Dynamics and a Red Fiero","11/29/23"
"Young Sheldon: Season 2: An 8-Bit Princess and a Flat Tire Genius","11/29/23"
"Young Sheldon: Season 2: Carbon Dating and a Stuffed Raccoon","11/29/23"
"Young Sheldon: Season 2: Seven Deadly Sins and a Small Carl Sagan","11/29/23"
"Young Sheldon: Season 2: A Research Study and Czechoslovakian Wedding Pastries","11/29/23"
"Young Sheldon: Season 2: A Financial Secret and Fish Sauce","11/29/23"
"Young Sheldon: Season 2: A Crisis of Faith and Octopus Aliens","11/29/23"
"Young Sheldon: Season 2: A Rival Prodigy and Sir Isaac Neutron","11/29/23"
"Young Sheldon: Season 2: A High-Pitched Buzz and Training Wheels","11/29/23"
"Young Sheldon: Season 1: Vanilla Ice Cream, Gentlemen Callers, and a Dinette Set","11/29/23"
"Young Sheldon: Season 1: Summer Sausage, a Pocket Poncho, and Tony Danza","11/29/23"
"Young Sheldon: Season 1: A Dog, a Squirrel, and a Fish Named Fish","11/29/23"
"Young Sheldon: Season 1: Gluons, Guacamole, and the Color Purple","11/28/23"
"Young Sheldon: Season 1: A Mother, a Child, and a Blue Man's Backside","11/28/23"
"Young Sheldon: Season 1: Jiu-Jitsu, Bubble Wrap, and Yoo-hoo","11/28/23"
"Young Sheldon: Season 1: Killer Asteroids, Oklahoma, and a Frizzy Hair Machine","11/28/23"
"Young Sheldon: Season 1: Dolomite, Apple Slices, and a Mystery Woman","11/28/23"
"Young Sheldon: Season 1: Potato Salad, a Broomstick, and Dad's Whiskey","11/28/23"
"Young Sheldon: Season 1: A Sneeze, Detention and Sissy Spacek","11/27/23"
"Young Sheldon: Season 1: A Computer, a Plastic Pony, and a Case of Beer","11/27/23"
"Young Sheldon: Season 1: Demons, Sunday School, and Prime Numbers","11/27/23"
"Young Sheldon: Season 1: An Eagle Feather, a String Bean, and an Eskimo","11/27/23"
"Young Sheldon: Season 1: Spock, Kirk, and Testicular Hernia","11/27/23"
"Young Sheldon: Season 1: Cape Canaveral, Schrödinger's Cat, and Cyndi Lauper's Hair","11/27/23"
"Young Sheldon: Season 1: A Brisket, Voodoo, and Cannonball Run","11/27/23"
"Young Sheldon: Season 1: A Patch, a Modem, and a Zantac®","11/27/23"
"Young Sheldon: Season 1: A Solar Calculator, a Game Ball, and a Cheerleader's Bosom","11/27/23"
"Young Sheldon: Season 1: A Therapist, a Comic Book, and a Breakfast Sausage","11/27/23"
"Young Sheldon: Season 1: Poker, Faith, and Eggs","11/26/23"
"Young Sheldon: Season 1: Rockets, Communists, and the Dewey Decimal System","11/26/23"
"Young Sheldon: Season 1: Pilot","11/26/23"
"Dune","11/26/23"
"The Night Agent: Season 1: Fathers","11/17/23"
"The Night Agent: Season 1: The Devil We Know","11/17/23"
"The Night Agent: Season 1: Redux","11/17/23"
"The Night Agent: Season 1: Best Served Cold","11/17/23"
"The Night Agent: Season 1: Fathoms","11/17/23"
"The Night Agent: Season 1: The Marionette","11/16/23"
"The Night Agent: Season 1: Eyes Only","11/16/23"
"The Night Agent: Season 1: The Zookeeper","11/16/23"
"The Night Agent: Season 1: Redial","11/16/23"
"Bad Trip","11/13/23"
"Bodies: Limited Series: 'Know You Are Loved'","11/2/23"
"Bodies: Limited Series: 'Catch Me If You Can'","11/2/23"
"Bodies: Limited Series: 'The World Is Yours'","11/2/23"
"Bodies: Limited Series: 'We Are One Another's Ghosts'","11/2/23"
"Bodies: Limited Series: 'Right Up the Wazoo'","11/2/23"
"Bodies: Limited Series: 'All in Good Time'","11/2/23"
"Bodies: Limited Series: 'Do You Know Who I Am?'","11/2/23"
"Bodies: Limited Series: 'You're Dead Already'","11/2/23"
"The Machine","10/30/23"
"Get Gotti: Episode 1","10/25/23"
"Big Vape: The Rise and Fall of Juul: Limited Series: Overnight Billionaires","10/13/23"
"Big Vape: The Rise and Fall of Juul: Limited Series: Where's My Juul?","10/13/23"
"Big Vape: The Rise and Fall of Juul: Limited Series: First Impressions","10/13/23"
"Big Vape: The Rise and Fall of Juul: Limited Series: The Spark","10/13/23"
"Cunk On Earth: In the Beginnings","10/2/23"
"Annihilation","9/20/23"
"Ballers: Season 5: Players Only","9/19/23"
"Ballers: Season 5: Who Wants a Lollipop","9/19/23"
"Ballers: Season 5: Edutainment","9/19/23"
"Ballers: Season 5: Crumbs","9/19/23"
"Ballers: Season 5: Municipal","9/19/23"
"Ballers: Season 5: Copernicursed","9/19/23"
"Ballers: Season 5: Must Be the Shoes","9/19/23"
"Ballers: Season 5: Protocol Is for Losers","9/19/23"
"Ballers: Season 4: There's No Place Like Home, Baby","9/19/23"
"Ballers: Season 4: The Devil You Know","9/19/23"
"Ballers: Season 4: The Kids are Aight","9/19/23"
"Ballers: Season 4: No Small Talk","9/19/23"
"Ballers: Season 4: Doink","9/19/23"
"Ballers: Season 4: Forgiving is Living","9/18/23"
"Ballers: Season 4: This Is Not Our World","9/18/23"
"Ballers: Season 4: Don't You Wanna Be Obama?","9/18/23"
"Ballers: Season 4: Rough Ride","9/18/23"
"Ballers: Season 3: Yay Area","9/18/23"
"Ballers: Season 3: Crackback","9/18/23"
"Ballers: Season 3: Alley-Oops","9/17/23"
"Ballers: Season 3: Ricky-leaks","9/17/23"
"Ballers: Season 3: I Hate New York","9/17/23"
"Ballers: Season 3: Make Believe","9/14/23"
"Ballers: Season 3: Ride and Die","9/14/23"
"Ballers: Season 3: In the Teeth","9/14/23"
"Ballers: Season 3: Bull Rush","9/14/23"
"Ballers: Season 3: Seeds of Expansion","9/14/23"
"Ballers: Season 2: Game Day","9/13/23"
"Ballers: Season 2: Million Bucks in a Bag","9/13/23"
"Ballers: Season 2: Laying in the Weeds","9/13/23"
"Ballers: Season 2: Everybody Knows","9/12/23"
"Ballers: Season 2: Saturdaze","9/12/23"
"Ballers: Season 2: Most Guys","9/12/23"
"Ballers: Season 2: World of Hurt","9/12/23"
"Ballers: Season 2: Elidee","9/12/23"
"Ballers: Season 2: Enter the Temple","9/12/23"
"Ballers: Season 2: Face of the Franchise","9/12/23"
"Ballers: Flamingos","9/12/23"
"Ballers: Head-On","9/12/23"
"Ballers: Gaslighting","9/11/23"
"Ballers: Ends","9/11/23"
"Ballers: Everything Is Everything","9/11/23"
"Ballers: Machete Charge","9/11/23"
"Ballers: Heads Will Roll","9/11/23"
"Ballers: Move the Chains","9/11/23"
"Ballers: Raise Up","9/11/23"
"Ballers: Pilot","9/11/23"
"Human Resources: Season 2: The Tell-Tale Dick","9/10/23"
"Human Resources: Season 2: The Jizz Mitzvah","9/10/23"
"Human Resources: Season 1: Birth","9/10/23"
"Disenchantment: Part 5: I Hear Your Noggin, But You Can't Come In","9/10/23"
"Disenchantment: Part 5: Electric Ladyland","9/10/23"
"Disenchantment: Part 5: Fish Out of Water","9/10/23"
"Disenchantment: Part 5: Heads or Tails","9/10/23"
"Lucifer: Season 6: Partners 'Til the End","9/8/23"
"Lucifer: Season 6: Goodbye, Lucifer","9/8/23"
"Lucifer: Season 6: Save the Devil, Save the World","9/6/23"
"Lucifer: Season 6: My Best Fiend's Wedding","9/6/23"
"Lucifer: Season 6: A Lot Dirtier Than That","9/6/23"
"Lucifer: Season 6: The Murder of Lucifer Morningstar","9/6/23"
"Lucifer: Season 6: Pin the Tail on the Daddy","9/6/23"
"Lucifer: Season 6: Yabba Dabba Do Me","9/6/23"
"Lucifer: Season 6: Buckets of Baggage","9/6/23"
"Lucifer: Season 6: Nothing Ever Changes Around Here","9/6/23"
"Lucifer: Season 5: A Chance at a Happy Ending","9/6/23"
"Lucifer: Season 5: Is This Really How It's Going to End?!","9/6/23"
"Lucifer: Season 5: Nothing Lasts Forever","9/6/23"
"Love, Death & Robots: Volume 1: SONNIE'S EDGE","9/5/23"
"Love, Death & Robots: Volume 1: ICE AGE","9/5/23"
"Lucifer: Season 5: A Little Harmless Stalking","9/4/23"
"Lucifer: Season 5: Daniel Espinoza: Naked and Afraid","9/4/23"
"Lucifer: Season 5: Resting Devil Face","9/4/23"
"Lucifer: Season 5: Bloody Celestial Karaoke Jam","9/3/23"
"Lucifer: Season 5: Family Dinner","9/3/23"
"Lucifer: Season 5: Spoiler Alert","9/3/23"
"Lucifer: Season 5: Our Mojo","9/2/23"
"Lucifer: Season 5: BlueBallz","9/2/23"
"Lucifer: Season 5: Detective Amenadiel","9/2/23"
"Lucifer: Season 5: It Never Ends Well for the Chicken","9/1/23"
"Lucifer: Season 5: ¡Diablo!","9/1/23"
"Lucifer: Season 5: Lucifer! Lucifer! Lucifer!","9/1/23"
"Lucifer: Season 5: Really Sad Devil Guy","9/1/23"
"Lucifer: Season 4: Who's da New King of Hell?","9/1/23"
"Lucifer: Season 4: Save Lucifer","9/1/23"
"Lucifer: Season 4: Super Bad Boyfriend","8/31/23"
"Lucifer: Season 4: Devil Is as Devil Does","8/31/23"
"Lucifer: Season 4: Orgy Pants to Work","8/31/23"
"Lucifer: Season 4: Expire Erect","8/31/23"
"Lucifer: Season 4: All About Eve","8/31/23"
"Lucifer: Season 4: O, Ye of Little Faith, Father","8/31/23"
"Lucifer: Season 4: Somebody’s Been Reading Dante’s Inferno","8/31/23"
"Lucifer: Season 4: Everything's Okay","8/31/23"
"Lucifer: Season 3: Once Upon a Time","8/30/23"
"Lucifer: Season 3: Boo Normal","8/30/23"
"Lucifer: Season 3: A Devil of My Word","8/30/23"
"Lucifer: Season 3: Quintessential Deckerstar","8/30/23"
"Lucifer: Season 3: All Hands on Decker","8/30/23"
"Lucifer: Season 3: Anything Pierce Can Do I Can Do Better","8/28/23"
"Lucifer: Season 3: The Angel of San Bernardino","8/28/23"
"Lucifer: Season 3: Orange Is the New Maze","8/27/23"
"Lucifer: Season 3: The Last Heartbreak","8/27/23"
"Lucifer: Season 3: Let Pinhead Sing!","8/27/23"
"Lucifer: Season 3: Infernal Guinea Pig","8/26/23"
"Lucifer: Season 3: High School Poppycock","8/26/23"
"Lucifer: Season 3: My Brother's Keeper","8/26/23"
"Lucifer: Season 3: 'Til Death Do Us Part","8/25/23"
"Lucifer: Season 3: All About Her","8/25/23"
"Lucifer: Season 3: City of Angels?","8/25/23"
"Lucifer: Season 3: The Sin Bin","8/25/23"
"Lucifer: Season 3: The Sinnerman","8/24/23"
"Lucifer: Season 3: Chloe Does Lucifer","8/23/23"
"Lucifer: Season 3: Off the Record","8/23/23"
"Lucifer: Season 3: Vegas with Some Radish","8/23/23"
"Lucifer: Season 3: Welcome Back, Charlotte Richards","8/23/23"
"Lucifer: Season 3: What Would Lucifer Do?","8/23/23"
"Lucifer: Season 3: Mr. and Mrs. Mazikeen Smith","8/22/23"
"Lucifer: Season 3: The One with the Baby Carrot","8/22/23"
"Lucifer: Season 3: They're Back, Aren't They?","8/22/23"
"Lucifer: Season 2: The Good, The Bad and The Crispy","8/22/23"
"Lucifer: Season 2: Sympathy for the Goddess","8/22/23"
"Lucifer: Season 2: God Johnson","8/22/23"
"Lucifer: Season 2: Deceptive Little Parasite","8/22/23"
"Lucifer: Season 2: Candy Morningstar","8/21/23"
"Lucifer: Season 2: A Good Day to Die","8/21/23"
"Lucifer: Season 2: Love Handles","8/21/23"
"Lucifer: Season 2: Stewardess Interruptus","8/21/23"
"Lucifer: Season 2: Quid Pro Ho","8/20/23"
"Lucifer: Season 2: Homewrecker","8/19/23"
"Lucifer: Season 2: Trip to Stabby Town","8/18/23"
"Lucifer: Season 2: My Little Monkey","8/18/23"
"Lucifer: Season 2: Monster","8/18/23"
"Lucifer: Season 2: The Weaponizer","8/17/23"
"Lucifer: Season 2: Lady Parts","8/17/23"
"Lucifer: Season 2: Sin-Eater","8/17/23"
"Lucifer: Season 2: Liar, Liar, Slutty Dress on Fire","8/17/23"
"Lucifer: Season 2: Everything's Coming Up Lucifer","8/16/23"
"Lucifer: Season 1: Take Me Back to Hell","8/16/23"
"Lucifer: Season 1: #TeamLucifer","8/16/23"
"Lucifer: Season 1: St. Lucifer","8/15/23"
"Lucifer: Season 1: Pops","8/15/23"
"Lucifer: Season 1: A Priest Walks into a Bar","8/15/23"
"Lucifer: Season 1: Et Tu, Doctor?","8/15/23"
"Lucifer: Season 1: Wingman","8/15/23"
"Lucifer: Season 1: Favorite Son","8/15/23"
"Painkiller: Limited Series: Hot! Hot! Hot!","8/14/23"
"Lucifer: Season 1: Sweet Kicks","8/14/23"
"Lucifer: Season 1: Manly Whatnots","8/14/23"
"Lucifer: Season 1: The Would-Be Prince of Darkness","8/14/23"
"Lucifer: Season 1: Lucifer, Stay. Good Devil.","8/14/23"
"Lucifer: Season 1: Pilot","8/14/23"
"Painkiller: Limited Series: What’s in a Name?","8/14/23"
"Painkiller: Limited Series: Is Believed","8/12/23"
"Painkiller: Limited Series: Blizzard of the Century","8/12/23"
"Painkiller: Limited Series: Jesus Gave Me Water","8/12/23"
"Painkiller: Limited Series: The One to Start With, The One to Stay With","8/12/23"
"Paradise","8/11/23"
"Captain Fall: The Hornet’s Nest","8/5/23"
"Captain Fall: Family Reunion","8/5/23"
"Captain Fall: Sweet Sixteen","8/5/23"
"Captain Fall: Cultural Exchange","8/5/23"
"Captain Fall: Face Off","8/5/23"
"Captain Fall: Je Suis Tanner","8/5/23"
"Captain Fall: Boner Medicine","8/5/23"
"Captain Fall: The Human Zoo","8/4/23"
"Captain Fall: Baptized in Blood","8/4/23"
"Captain Fall: An Unconventional Cruise Line","8/4/23"
"The Magicians: Season 5: Fillory and Further","7/26/23"
"The Magicians: Season 5: The Balls","7/26/23"
"The Magicians: Season 5: Purgatory","7/26/23"
"The Magicians: Season 5: Be the Hyman","7/26/23"
"The Magicians: Season 5: Cello Squirrel Daffodil","7/26/23"
"The Magicians: Season 5: Garden Variety Homicide","7/26/23"
"The Magicians: Season 5: Acting Dean","7/26/23"
"The Magicians: Season 5: Oops!... I Did It Again","7/26/23"
"The Magicians: Season 5: Apocalypse? Now?!","7/25/23"
"The Magicians: Season 5: Magicians Anonymous","7/25/23"
"The Magicians: Season 5: The Mountain of Ghosts","7/25/23"
"The Magicians: Season 5: The Wrath of the Time Bees","7/25/23"
"The Magicians: Season 5: Do Something Crazy","7/25/23"
"The Magicians: Season 4: No Better to Be Safe Than Sorry","7/25/23"
"The Magicians: Season 4: The Secret Sea","7/25/23"
"The Magicians: Season 4: The 4-1-1","7/25/23"
"The Magicians: Season 4: All That Hard, Glossy Armor","7/25/23"
"The Magicians: Season 4: The Serpent","7/25/23"
"The Magicians: Season 4: Home Improvement","7/25/23"
"The Magicians: Season 4: The Side Effect","7/25/23"
"The Magicians: Season 4: A Timeline and Place","7/25/23"
"The Magicians: Season 4: Escape from the Happy Place","7/25/23"
"The Magicians: Season 4: Marry F**k Kill","7/25/23"
"The Magicians: Season 4: The Bad News Bear","7/24/23"
"The Magicians: Season 4: Lost, Found, F**ked","7/24/23"
"The Magicians: Season 4: A Flock of Lost Birds","7/24/23"
"The Magicians: Season 3: Will You Play with Me?","7/24/23"
"The Magicians: Season 3: The Fillorian Candidate","7/24/23"
"The Magicians: Season 3: Twenty-Three","7/23/23"
"The Magicians: Season 3: The Art of the Deal","7/23/23"
"The Magicians: Season 3: All that Josh","7/23/23"
"The Magicians: Season 3: Six Short Stories About Magic","7/23/23"
"The Magicians: Season 3: Poached Eggs","7/22/23"
"The Magicians: Season 3: Do You Like Teeth?","7/22/23"
"The Magicians: Season 3: A Life in the Day","7/22/23"
"The Magicians: Season 3: Be the Penny","7/22/23"
"The Magicians: Season 3: The Losses of Magic","7/22/23"
"The Magicians: Season 3: Heroes and Morons","7/22/23"
"The Magicians: Season 3: The Tale of the Seven Keys","7/22/23"
"The Magicians: Season 2: We Have Brought You Little Cakes","7/22/23"
"The Magicians: Season 2: Ramifications","7/22/23"
"The Magicians: Season 2: The Rattening","7/21/23"
"The Magicians: Season 2: The Girl Who Told Time","7/21/23"
"The Magicians: Season 2: Lesser Evils","7/21/23"
"The Magicians: Season 2: Word as Bond","7/21/23"
"The Magicians: Season 2: Plan B","7/20/23"
"The Magicians: Season 2: The Cock Barrens","7/20/23"
"The Magicians: Season 2: Cheat Day","7/20/23"
"The Magicians: Season 2: The Flying Forest","7/20/23"
"The Magicians: Season 2: Divine Elimination","7/20/23"
"The Magicians: Season 2: Hotel Spa Potions","7/20/23"
"The Magicians: Season 2: Knight of Crowns","7/20/23"
"The Magicians: Have You Brought Me Little Cakes","7/20/23"
"The Magicians: Thirty-Nine Graves","7/20/23"
"The Magicians: Remedial Battle Magic","7/20/23"
"The Magicians: Homecoming","7/20/23"
"The Magicians: The Writing Room","7/19/23"
"The Magicians: The Strangled Heart","7/19/23"
"The Magicians: The Mayakovsky Circumstance","7/18/23"
"The Magicians: Impractical Applications","7/18/23"
"The Magicians: Mendings, Major and Minor","7/17/23"
"The Magicians: The World in the Walls","7/17/23"
"The Magicians: Consequences of Advanced Spellcasting","7/17/23"
"The Magicians: The Source of Magic","7/17/23"
"Tom Segura: Sledgehammer","7/16/23"
"Black Mirror: Season 6: Demon 79","7/9/23"
"Black Mirror: Season 6: Beyond the Sea","7/8/23"
"Black Mirror: Season 6: Joan Is Awful","7/7/23"
"The Magicians: Unauthorized Magic","7/6/23"
"Another Life: Season 2: D-Day","7/2/23"
"Another Life: Season 2: What's Bourne / What's Left Behind","6/30/23"
"Another Life: Season 2: Just a Rat in a Cage","6/29/23"
"Another Life: Season 2: Never Gonna Give You Up","6/29/23"
"Another Life: Season 2: Gift from the Gods","6/29/23"
"Another Life: Season 2: A Better Earth","6/29/23"
"Another Life: Season 2: Will to Power","6/29/23"
"Another Life: Season 2: My Own Worst Enemy","6/29/23"
"Another Life: Season 2: Smoke and Mirrors","6/29/23"
"Another Life: Season 2: Live to Fight Another Day","6/29/23"
"Another Life: Season 1: Hello","6/28/23"
"Another Life: Season 1: Heart and Soul","6/28/23"
"Another Life: Season 1: How the Light Gets Lost","6/28/23"
"Another Life: Season 1: Living the Dream","6/28/23"
"Another Life: Season 1: I Think We're Alone Now","6/28/23"
"Manifest: Season 4: Final Boarding","6/20/23"
"Manifest: Season 4: Formation","6/20/23"
"Manifest: Season 4: Lift/Drag","6/20/23"
"Manifest: Season 4: Threshold","6/20/23"
"Manifest: Season 4: Furball","6/20/23"
"Manifest: Season 4: Throttle","6/20/23"
"Manifest: Season 4: Fata Morgana","6/20/23"
"Manifest: Season 4: Ghost Plane","6/20/23"
"Manifest: Season 4: Bug Out","6/20/23"
"Manifest: Season 4: Final Descent","6/19/23"
"Manifest: Season 4: Inversion Illusion","6/19/23"
"Manifest: Season 4: Rendezvous","6/19/23"
"Manifest: Season 4: Full Upright and Locked Position","6/19/23"
"Manifest: Season 4: Romeo","6/19/23"
"Manifest: Season 4: Relative Bearing","6/19/23"
"Manifest: Season 4: Squawk","6/19/23"
"Manifest: Season 4: Go-Around","6/19/23"
"Manifest: Season 4: High Flight","6/19/23"
"Manifest: Season 4: All-Call","6/19/23"
"Manifest: Season 4: Touch-and-Go","6/19/23"
"Manifest: Season 3: Mayday: Part 2","6/19/23"
"Manifest: Season 3: Mayday: Part 1","6/18/23"
"Manifest: Season 3: Duty Free","6/18/23"
"Manifest: Season 3: Compass Calibration","6/18/23"
"Manifest: Season 3: Bogey","6/18/23"
"Manifest: Season 3: Destination Unknown","6/18/23"
"Manifest: Season 3: Precious Cargo","6/18/23"
"Manifest: Season 3: Graveyard Spiral","6/18/23"
"Manifest: Season 3: Water Landing","6/18/23"
"Manifest: Season 3: Tailspin","6/18/23"
"Manifest: Season 3: Wingman","6/18/23"
"Manifest: Season 3: Deadhead","6/18/23"
"Manifest: Season 3: Tailfin","6/18/23"
"Manifest: Season 2: Icing Conditions","6/17/23"
"Manifest: Season 2: Call Sign","6/17/23"
"Manifest: Season 2: Unaccompanied Minors","6/17/23"
"Manifest: Season 2: Course Deviation","6/17/23"
"Manifest: Season 2: Airplane Bottles","6/16/23"
"Manifest: Season 2: Carry On","6/16/23"
"Manifest: Season 2: Emergency Exit","6/16/23"
"Manifest: Season 2: Return Trip","6/16/23"
"Manifest: Season 2: Coordinated Flight","6/16/23"
"Manifest: Season 2: Black Box","6/16/23"
"Manifest: Season 2: False Horizon","6/16/23"
"Manifest: Season 2: Grounded","6/16/23"
"Manifest: Season 2: Fasten Your Seatbelts","6/16/23"
"Manifest: Season 1: Estimated Time of Departure","6/15/23"
"Manifest: Season 1: Hard Landing","6/15/23"
"Manifest: Season 1: Upgrade","6/15/23"
"Manifest: Season 1: Cleared for Approach","6/15/23"
"Manifest: Season 1: Vanishing Point","6/15/23"
"Manifest: Season 1: Contrails","6/15/23"
"Manifest: Season 1: Crosswinds","6/15/23"
"Manifest: Season 1: Dead Reckoning","6/15/23"
"Manifest: Season 1: Point of No Return","6/15/23"
"Manifest: Season 1: S.N.A.F.U.","6/15/23"
"Manifest: Season 1: Off Radar","6/15/23"
"Manifest: Season 1: Connecting Flights","6/14/23"
"Manifest: Season 1: Unclaimed Baggage","6/14/23"
"Manifest: Season 1: Turbulence","6/14/23"
"Manifest: Season 1: Reentry","6/9/23"
"Manifest: Season 1: Pilot","6/9/23"
"Bert Kreischer: The Machine","6/6/23"
"The Pentaverate: Episode 1","5/28/23"
"Shameless (U.S.): Season 11: Father Frank, Full of Grace","5/26/23"
"Shameless (U.S.): Season 11: The Fickle Lady Is Calling It Quits","5/26/23"
"Shameless (U.S.): Season 11: DNR","5/26/23"
"Shameless (U.S.): Season 11: Survivors","5/26/23"
"Shameless (U.S.): Season 11: Cancelled","5/26/23"
"Shameless (U.S.): Season 11: Two at a Biker Bar, One in the Lake","5/26/23"
"Shameless (U.S.): Season 11: Do Not Go Gentle Into That Good...Eh, Screw It","5/25/23"
"Shameless (U.S.): Season 11: Slaughter","5/25/23"
"Shameless (U.S.): Season 11: NIMBY","5/25/23"
"Shameless (U.S.): Season 11: Frances Francis Franny Frank","5/25/23"
"Shameless (U.S.): Season 11: Go Home, Gentrifier!","5/25/23"
"Shameless (U.S.): Season 11: This Is Chicago!","5/24/23"
"Shameless (U.S.): Season 10: Gallavich!","5/24/23"
"Shameless (U.S.): Season 10: Location, Location, Location","5/24/23"
"Shameless (U.S.): Season 10: Now Leaving Illinois","5/24/23"
"Shameless (U.S.): Season 10: O Captain! My Captain!","5/24/23"
"Shameless (U.S.): Season 10: Debbie Might Be a Prostitute","5/21/23"
"Shameless (U.S.): Season 10: Citizen Carl","5/20/23"
"Shameless (U.S.): Season 10: Adios Gringos","5/20/23"
"Shameless (U.S.): Season 10: Sparky","5/20/23"
"Shameless (U.S.): Season 10: A Little Gallagher Goes a Long Way","5/20/23"
"Shameless (U.S.): Season 10: Which America?","5/20/23"
"Shameless (U.S.): Season 10: Sleep Well My Prince for Tomorrow You Shall Be King","5/19/23"
"Shameless (U.S.): Season 10: We Few, We Lucky Few, We Band of Gallaghers!","5/18/23"
"Shameless (U.S.): Season 9: Found","5/18/23"
"Shameless (U.S.): Season 9: Lost","5/17/23"
"Shameless (U.S.): Season 9: You'll Know the Bottom When You Hit It","5/17/23"
"Shameless (U.S.): Season 9: The Hobo Games","5/17/23"
"Shameless (U.S.): Season 9: Los Diablos!","5/17/23"
"Shameless (U.S.): Season 9: BOOOOOOOOOOOONE!","5/16/23"
"Shameless (U.S.): Season 9: The Apple Doesn't Fall Far from the Alibi","5/16/23"
"Shameless (U.S.): Season 9: Down Like the Titanic","5/16/23"
"Shameless (U.S.): Season 9: Face It, You're Gorgeous","5/16/23"
"Shameless (U.S.): Season 9: Black-Haired Ginger","5/16/23"
"Shameless (U.S.): Season 9: Do Right, Vote White!","5/16/23"
"Shameless (U.S.): Season 9: Weirdo Gallagher Vortex","5/16/23"
"Shameless (U.S.): Season 9: Mo White!","5/16/23"
"Shameless (U.S.): Season 9: Are You There Shim? It's Me, Ian.","5/16/23"
"Shameless (U.S.): Season 8: Sleepwalking","5/16/23"
"Shameless (U.S.): Season 8: A Gallagher Pedicure","5/16/23"
"Shameless (U.S.): Season 8: The Church of Gay Jesus","5/15/23"
"Shameless (U.S.): Season 8: The Fugees","5/15/23"
"Shameless (U.S.): Season 8: Frank's Northern Shuttle Express","5/15/23"
"Shameless (U.S.): Season 8: Occupy Fiona","5/15/23"
"Shameless (U.S.): Season 8: Icarus Fell. And Rusty Ate Him.","5/15/23"
"Shameless (U.S.): Season 8: The (Mis)Education of Liam Fergus Beircheart Gallagher","5/15/23"
"Shameless (U.S.): Season 8: F**k Paying It Forward","5/15/23"
"Shameless (U.S.): Season 8: God Bless Her Rotting Soul","5/15/23"
"Shameless (U.S.): Season 8: Where's My Meth?!","5/15/23"
"Shameless (U.S.): Season 8: We Become What We... Frank!","5/15/23"
"Shameless (U.S.): Season 7: Requiem for a Slut","5/15/23"
"Shameless (U.S.): Season 7: Happily Ever After","5/14/23"
"Shameless (U.S.): Season 7: Ride or Die","5/14/23"
"Shameless (U.S.): Season 7: Ouroboros","5/13/23"
"Shameless (U.S.): Season 7: You Sold Me the Laundromat, Remember?","5/12/23"
"Shameless (U.S.): Season 7: You'll Never Ever Get a Chicken in Your Whole Entire Life","5/12/23"
"Shameless (U.S.): Season 7: The Defenestration of Frank","5/12/23"
"Shameless (U.S.): Season 7: Own Your Sh*t","5/12/23"
"Shameless (U.S.): Season 7: I Am a Storm","5/12/23"
"Shameless (U.S.): Season 7: Home Sweet Homeless Shelter","5/12/23"
"Shameless (U.S.): Season 7: Swipe, F**k, Leave","5/12/23"
"Shameless (U.S.): Season 7: Hiraeth","5/12/23"
"Shameless (U.S.): Season 6: Familia Supra Gallegorious Omnia!","5/12/23"
"Shameless (U.S.): Season 6: Sleep No More","5/12/23"
"This Is the End","5/9/23"
"Shameless (U.S.): Season 6: Paradise Lost","5/5/23"
"Shameless (U.S.): Season 6: A Yurt of One's Own","5/5/23"
"Shameless (U.S.): Season 6: Be a Good Boy. Come for Grandma","5/5/23"
"Shameless (U.S.): Season 6: Pimp's Paradise","5/5/23"
"Shameless (U.S.): Season 6: NSFW","5/5/23"
"Shameless (U.S.): Season 6: Refugees","5/5/23"
"Shameless (U.S.): Season 6: Going Once, Going Twice","5/5/23"
"Shameless (U.S.): Season 6: I Only Miss Her When I'm Breathing","5/5/23"
"Shameless (U.S.): Season 6: The F Word","5/4/23"
"Shameless (U.S.): Season 6: #AbortionRules","5/4/23"
"Shameless (U.S.): Season 5: Love Songs (In the Key of Gallagher)","5/4/23"
"Shameless (U.S.): Season 5: Drugs Actually","5/4/23"
"Shameless (U.S.): Season 5: South Side Rules","5/4/23"
"Shameless (U.S.): Season 5: Carl's First Sentencing","5/4/23"
"Shameless (U.S.): Season 5: Uncle Carl","5/4/23"
"Shameless (U.S.): Season 5: Tell Me You F**king Need Me","5/4/23"
"Shameless (U.S.): Season 5: Crazy Love","5/4/23"
"Shameless (U.S.): Season 5: Rite of Passage","5/4/23"
"Shameless (U.S.): Season 5: A Night to Remem...Wait, What?","5/3/23"
"Shameless (U.S.): Season 5: The Two Lisas","5/3/23"
"Shameless (U.S.): Season 5: I'm the Liver","5/3/23"
"Shameless (U.S.): Season 5: Milk of the Gods","5/3/23"
"Adam Devine: Best Time of Our Lives","4/21/23"
"Andrew Santino: Cheeseburger","4/15/23"
"Tom Segura: Mostly Stories","4/14/23"
"Leanne Morgan: I'm Every Woman","4/14/23"
"The Standups: Season 3: Melissa Villaseñor","4/7/23"
"The Standups: Season 3: Dusty Slay","4/7/23"
"The Standups: Season 3: Janelle James","4/7/23"
"The Standups: Season 3: Mark Normand","4/6/23"
"The Standups: Season 3: Naomi Ekperigin","4/6/23"
"The Standups: Season 3: Brian Simpson","4/5/23"
"The Standups: Season 1: Nate Bargatze","4/5/23"
"The Standups: Season 2: Brent Morin","4/4/23"
"The Standups: Season 2: Rachel Feinstein","4/4/23"
"The Standups: Season 2: Kyle Kinane","4/4/23"
"The Standups: Season 2: Gina Yashere","4/4/23"
"The Standups: Season 2: Joe List","3/31/23"
"The Standups: Season 2: Aparna Nancherla","3/31/23"
"The Standups: Season 1: Dan Soder","3/31/23"
"The Standups: Season 1: Beth Stelling","3/30/23"
"The Standups: Season 1: Nikki Glaser","3/30/23"
"The Standups: Season 1: Deon Cole","3/30/23"
"The Standups: Season 1: Fortune Feimster","3/30/23"
"Tom Segura: Ball Hog","3/29/23"
"Tom Segura: Completely Normal","3/29/23"
"Tom Segura: Disgraceful","3/28/23"
"Bert Kreischer: Hey Big Boy","3/18/23"
"Bert Kreischer: Secret Time","3/18/23"
"ARQ","3/16/23"
"Bert Kreischer: Razzle Dazzle","3/15/23"
"Gudetama: An Eggcellent Adventure: What a Drag…","3/10/23"
"Maniac: Limited Series: Option C","3/8/23"
"Maniac: Limited Series: Utangatta","3/8/23"
"Maniac: Limited Series: The Lake of the Clouds","3/8/23"
"Maniac: Limited Series: Ceci N'est Pas Une Drill","3/8/23"
"Maniac: Limited Series: Larger Structural Issues","3/8/23"
"Maniac: Limited Series: Exactly Like You","3/8/23"
"Maniac: Limited Series: Furs by Sebastian","3/8/23"
"Maniac: Limited Series: Having a Day","3/7/23"
"Maniac: Limited Series: Windmills","3/7/23"
"Maniac: Limited Series: The Chosen One!","3/7/23"
"The Sandman: Season 1: Sleep of the Just","3/2/23"
"Morbius","2/21/23"
"exception: misprint","2/16/23"
"Hilda and the Mountain King","2/14/23"
"Away: Go","2/14/23"
"The Bubble","2/14/23"
"Bullet Train","2/3/23"
"Spiderhead","2/3/23"
"Stowaway","2/1/23"
"Away: Home","1/20/23"
"Away: Spektr","1/20/23"
"Away: Vital Signs","1/20/23"
"Away: Goodnight Mars","1/20/23"
"Away: A Little Faith","1/20/23"
"Away: Space Dogs","1/19/23"
"Away: Excellent Chariots","1/19/23"
"Away: Half the Sky","1/19/23"
"Away: Negative Return","1/19/23"
"Community: Season 6: Emotional Consequences of Broadcast Television","1/12/23"
"Community: Season 6: Wedding Videography","1/12/23"
"Community: Season 6: Modern Espionage","1/12/23"
"Community: Season 6: Basic RV Repair & Palmistry","1/12/23"
"Community: Season 6: Grifting 101","1/12/23"
"Community: Season 6: Intro to Recycled Cinema","1/11/23"
"Community: Season 6: Advanced Safety Feature","1/11/23"
"Community: Season 6: Basic Email Security","1/11/23"
"Community: Season 6: Laws of Robotics & Party Rights","1/11/23"
"Community: Season 6: Queer Studies & Advanced Waxing","1/11/23"
"Community: Season 6: Basic Crisis Room Decorum","1/11/23"
"Community: Season 6: Lawnmower Maintenance & Postnatal Care","1/11/23"
"Community: Season 6: Ladders","1/11/23"
"Community: Season 5: Basic Sandwich","1/11/23"
"Community: Season 5: Basic Story","1/10/23"
"Community: Season 5: G.I. Jeff","1/10/23"
"Community: Season 5: Advanced Advanced Dungeons & Dragons","1/10/23"
"Community: Season 5: VCR Maintenance and Educational Publishing","1/10/23"
"Community: Season 5: App Development and Condiments","1/9/23"
"Community: Season 5: Bondage and Beta Male Sexuality","1/9/23"
"Community: Season 5: Analysis of Cork-Based Networking","1/9/23"
"Community: Season 5: Geothermal Escapism","1/9/23"
"Community: Season 5: Cooperative Polygraphy","1/9/23"
"Community: Season 5: Basic Intergluteal Numismatics","1/9/23"
"Community: Season 5: Introduction to Teaching","1/9/23"
"Community: Season 5: Repilot","1/9/23"
"Community: Season 4: Advanced Introduction to Finality","12/31/22"
"Community: Season 4: Heroic Origins","12/30/22"
"Community: Season 4: Basic Human Anatomy","12/30/22"
"Community: Season 4: Intro to Knots","12/30/22"
"Community: Season 4: Intro to Felt Surrogacy","12/30/22"
"Community: Season 4: Herstory of Dance","12/30/22"
"Community: Season 4: Economics of Marine Biology","12/30/22"
"Community: Season 4: Advanced Documentary Filmmaking","12/30/22"
"Community: Season 4: Cooperative Escapism in Familial Relations","12/30/22"
"Community: Season 4: Alternative History of the German Invasion","12/30/22"
"Community: Season 4: Conventions of Space and Time","12/30/22"
"Community: Season 4: Paranormal Parentage","12/29/22"
"Community: Season 4: History 101","12/29/22"
"Community: Season 3: Introduction to Finality","12/29/22"
"Community: Season 3: The First Chang Dynasty","12/29/22"
"Community: Season 3: Digital Estate Planning","12/29/22"
"Community: Season 3: Curriculum Unavailable","12/29/22"
"Community: Season 3: Course Listing Unavailable","12/28/22"
"Community: Season 3: Basic Lupine Urology","12/28/22"
"Community: Season 3: Virtual Systems Analysis","12/28/22"
"Community: Season 3: Origins of Vampire Mythology","12/28/22"
"Community: Season 3: Pillows and Blankets","12/28/22"
"Community: Season 3: Digital Exploration of Interior Design","12/28/22"
"Community: Season 3: Contemporary Impressionists","12/27/22"
"Community: Season 3: Urban Matrimony and the Sandwich Arts","12/27/22"
"Community: Season 3: Regional Holiday Music","12/27/22"
"Community: Season 3: Foosball and Nocturnal Vigilantism","12/27/22"
"Community: Season 3: Documentary Filmmaking: Redux","12/27/22"
"Community: Season 3: Studies in Modern Movement","12/27/22"
"Community: Season 3: Advanced Gay","12/27/22"
"Community: Season 3: Horror Fiction in Seven Spooky Steps","12/27/22"
"Community: Season 3: Remedial Chaos Theory","12/27/22"
"Community: Season 3: Competitive Ecology","12/27/22"
"Inside Job: Part 1: Clone Gunman","12/23/22"
"Community: Season 3: Geography of Global Conflict","12/22/22"
"Community: Season 3: Biology 101","12/22/22"
"Community: Season 2: For a Few Paintballs More","12/22/22"
"Community: Season 2: A Fist Full of Paintballs","12/22/22"
"Community: Season 2: Applied Anthropology and Culinary Arts","12/15/22"
"Community: Season 2: Paradigms of Human Memory","12/15/22"
"Community: Season 2: Competitive Wine Tasting","12/15/22"
"Peaky Blinders: Season 3: Episode 1","12/3/22"
"Taylor Tomlinson: Look At You","11/23/22"
"The Dragon Prince: Season 4: Escape from Umber Tor","11/18/22"
"The Dragon Prince: Season 4: Rex Igneous","11/18/22"
"The Dragon Prince: Season 4: Beneath the Surface","11/17/22"
"The Dragon Prince: Season 4: The Drakewood","11/17/22"
"The Dragon Prince: Season 4: The Great Gates","11/17/22"
"The Dragon Prince: Season 4: Through the Looking Glass","11/17/22"
"The Dragon Prince: Season 4: Breathtaking","11/17/22"
"The Dragon Prince: Season 4: Fallen Stars","11/16/22"
"The Dragon Prince: Season 4: Rebirthday","11/16/22"
"The Dragon Prince: Season 3: The Final Battle","11/16/22"
"The Dragon Prince: Season 3: Dragonguard","11/16/22"
"The Dragon Prince: Season 3: Hearts of Cinder","11/16/22"
"The Dragon Prince: Season 3: Thunderfall","11/16/22"
"The Dragon Prince: Season 3: Heroes and Masterminds","11/16/22"
"The Dragon Prince: Season 3: The Midnight Desert","11/16/22"
"The Dragon Prince: Season 3: Ghost","11/16/22"
"The Dragon Prince: Season 3: The Crown","11/16/22"
"The Dragon Prince: Season 3: Sol Regem","11/16/22"
"Peaky Blinders: Season 2: Episode 6","11/11/22"
"Big Mouth: Season 6: The Apple Brooch","11/5/22"
"Big Mouth: Season 6: Andrew's Gonna Touch A Boob Tonight","11/5/22"
"Big Mouth: Season 6: Rice Purity Test","11/5/22"
"Big Mouth: Season 6: Vagina Shame","11/3/22"
"Big Mouth: Season 6: Twenty Two and You","11/3/22"
"Big Mouth: Season 6: The Hookup House","11/3/22"
"Big Mouth: Season 5: No Nut November","11/3/22"
"Peaky Blinders: Season 2: Episode 5","10/31/22"
"Nailed It!: Season 3: Cake-O-Phobia","10/31/22"
"Nailed It!: Season 7: Cobra Kai","10/31/22"
"Peaky Blinders: Season 2: Episode 4","10/25/22"
"Peaky Blinders: Season 2: Episode 3","10/25/22"
"Peaky Blinders: Season 2: Episode 2","10/21/22"
"Peaky Blinders: Season 2: Episode 1","10/20/22"
"Peaky Blinders: Season 1: Episode 6","10/20/22"
"Peaky Blinders: Season 1: Episode 5","10/20/22"
"Peaky Blinders: Season 1: Episode 4","10/19/22"
"Jexi","10/19/22"
"Peaky Blinders: Season 1: Episode 3","10/18/22"
"The Blacklist: Season 9: Marvin Gerard (No. 80): Conclusion, Pt. 2","10/17/22"
"The Blacklist: Season 9: Marvin Gerard (No. 80): Conclusion, Pt.1","10/17/22"
"The Blacklist: Season 9: Caelum Bank (No. 169)","10/17/22"
"The Blacklist: Season 9: The Bear Mask","10/17/22"
"The Blacklist: Season 9: Laszlo Jankowics (No. 180)","10/17/22"
"The Blacklist: Season 9: El Conejo (No. 177)","10/14/22"
"The Blacklist: Season 9: Helen Maghi (No. 172)","10/13/22"
"The Blacklist: Season 9: Andrew Kennison (No. 185)","10/13/22"
"The Blacklist: Season 9: Eva Mason (No. 181)","10/13/22"
"The Blacklist: Season 9: Genuine Models, Inc. (No. 176)","10/12/22"
"The Blacklist: Season 9: The Chairman (No. 171)","10/12/22"
"The Blacklist: Season 9: The Conglomerate (No. 142)","10/11/22"
"The Blacklist: Season 9: Arcane Wireless (No. 154)","10/11/22"
"The Blacklist: Season 9: Boukman Baptiste","10/11/22"
"The Blacklist: Season 9: Dr. Razmik Maier (No. 168)","10/9/22"
"The Blacklist: Season 9: Between Sleep & Awake","10/9/22"
"The Blacklist: Season 9: Dr. Roberta Sand, Ph.D. (No. 153)","10/9/22"
"The Blacklist: Season 9: Benjamin T. Okara (No. 183)","10/9/22"
"The Blacklist: Season 9: The Avenging Angel (No. 49)","10/9/22"
"The Blacklist: Season 9: The SPK (No. 178)","10/9/22"
"The Blacklist: Season 9: The Skinner (No. 45): Conclusion","10/9/22"
"The Blacklist: Season 9: The Skinner (No. 45)","10/7/22"
"The Imperfects: Sarkov's Children","10/4/22"
"Blown Away: Season 3: Finale","10/4/22"
"Blown Away: Season 3: Nothing To Fear But Fear Itself","10/4/22"
"Blown Away: Season 3: Out Of This World","10/4/22"
"Blown Away: Season 3: Team Work Makes The Dream Work","10/4/22"
"Blown Away: Season 3: Under The Big Top","10/4/22"
"Blown Away: Season 3: The Bigger The Better","10/4/22"
"Blown Away: Season 3: Seven Deadly Sins","10/4/22"
"Blown Away: Season 3: 2022, The Year Of Glass","10/4/22"
"Blown Away: Season 3: The Evolution Will Be Televised","10/4/22"
"Peaky Blinders: Season 1: Episode 2","9/26/22"
"Community: Season 2: Critical Film Studies","9/26/22"
"Community: Season 2: Custody Law and Eastern European Diplomacy","9/14/22"
"Community: Season 2: Intro to Political Science","9/14/22"
"Community: Season 2: Intermediate Documentary Filmmaking","9/14/22"
"Community: Season 2: Early 21st Century Romanticism","9/14/22"
"Community: Season 2: Celebrity Pharmacology","9/14/22"
"Community: Season 2: Asian Population Studies","9/14/22"
"Community: Season 2: Abed's Uncontrollable Christmas","9/14/22"
"Community: Season 2: Mixology Certification","9/14/22"
"Community: Season 2: Conspiracy Theories and Interior Design","9/14/22"
"Community: Season 2: Cooperative Calligraphy","9/14/22"
"Love in the Villa","9/10/22"
"Sam Morril: Same Time Tomorrow","9/10/22"
"Love, Death & Robots: Volume 3: In Vaulted Halls Entombed","9/9/22"
"Love, Death & Robots: Volume 3: Three Robots: Exit Strategies","9/9/22"
"Love, Death & Robots: Volume 3: The Very Pulse of the Machine","9/9/22"
"Love, Death & Robots: Volume 1: THREE ROBOTS","9/9/22"
"Seinfeld: Season 1: Seinfeld","9/8/22"
"JoJo's Bizarre Adventure: STONE OCEAN: Stone Ocean","9/8/22"
"Community: Season 2: Aerodynamics of Gender","9/1/22"
"Community: Season 2: Epidemiology","9/1/22"
"Community: Season 2: Messianic Myths and Ancient Peoples","9/1/22"
"Community: Season 2: Basic Rocket Science","9/1/22"
"Community: Season 2: The Psychology of Letting Go","9/1/22"
"Community: Season 2: Accounting for Lawyers","9/1/22"
"Community: Season 2: Anthropology 101","9/1/22"
"Community: Pascal's Triangle Revisited","9/1/22"
"Community: English as a Second Language","9/1/22"
"Community: Modern Warfare","9/1/22"
"Community: The Art of Discourse","9/1/22"
"Community: Contemporary American Poultry","9/1/22"
"Community: The Science of Illusion","8/31/22"
"Community: Beginner Pottery","8/31/22"
"Community: Basic Genealogy","8/31/22"
"Community: Physical Education","8/31/22"
"Community: Communication Studies","8/31/22"
"Community: Romantic Expressionism","8/11/22"
"Community: Interpretive Dance","8/11/22"
"Community: Investigative Journalism","8/11/22"
"Community: Comparative Religion","8/9/22"
"Community: The Politics of Human Sexuality","8/9/22"
"Community: Environmental Science","8/9/22"
"Community: Debate 109","8/9/22"
"Community: Home Economics","8/8/22"
"Community: Introduction to Statistics","8/8/22"
"Community: Football, Feminism and You","8/8/22"
"Community: Advanced Criminal Law","8/8/22"
"Community: Social Psychology","8/8/22"
"Community: Introduction to Film","8/8/22"
"Community: Spanish 101","8/8/22"
"Community: Community","8/8/22"
"The Blacklist: Season 1: Pilot","8/6/22"
"Peaky Blinders: Season 1: Episode 1","8/5/22"
"The Blacklist: Season 8: Konets","8/3/22"
"The Blacklist: Season 8: Nachalo","8/3/22"
"The Blacklist: Season 8: Godwin Page (No. 141)","8/3/22"
"The Blacklist: Season 8: Balthazar 'Bino' Baker (No. 129)","8/2/22"
"The Blacklist: Season 8: The Protean (No. 36)","8/2/22"
"The Blacklist: Season 8: Ivan Stepanov (No. 5)","8/2/22"
"The Blacklist: Season 8: Nicholas Obenrader (No. 133)","7/29/22"
"The Blacklist: Season 8: The Russian Knot","7/29/22"
"The Blacklist: Season 8: Misère","7/29/22"
"The Blacklist: Season 8: Anne","7/27/22"
"The Blacklist: Season 8: Rakitin (no. 28)","7/26/22"
"The Blacklist: Season 8: Captain Kidd (no. 96)","7/26/22"
"The Blacklist: Season 8: Dr. Laken Perillos (no. 70)","7/26/22"
"The Blacklist: Season 8: The Cyranoid (no. 35)","7/26/22"
"The Blacklist: Season 8: Ogden Greeley (no. 40)","7/26/22"
"The Blacklist: Season 8: Chemical Mary (no. 143)","7/26/22"
"The Blacklist: Season 8: The Wellstone Agency (no. 127)","7/24/22"
"The Blacklist: Season 8: The Fribourg Confidence (no. 140)","7/23/22"
"The Blacklist: Season 8: Elizabeth Keen (no. 1)","7/22/22"
"The Blacklist: Season 8: 16 Ounces","7/22/22"
"The Blacklist: Season 8: Katarina Rostova (no. 3): Conclusion","7/22/22"
"The Blacklist: Season 8: Roanoke (no. 139)","7/22/22"
"The Umbrella Academy: Season 3: Oblivion","7/21/22"
"The Umbrella Academy: Season 3: Seven Bells","7/20/22"
"The Umbrella Academy: Season 3: Wedding at the End of the World","7/20/22"
"The Umbrella Academy: Season 3: Auf Wiedersehen","7/20/22"
"The Umbrella Academy: Season 3: Marigold","7/20/22"
"The Umbrella Academy: Season 3: Kindest Cut","7/19/22"
"The Umbrella Academy: Season 3: Kugelblitz","7/19/22"
"I Think You Should Leave with Tim Robinson: Season 1: We Used to Watch This At My Old Work","7/19/22"
"I Think You Should Leave with Tim Robinson: Season 1: I'm Wearing One of Their Belts Right Now","7/19/22"
"The Umbrella Academy: Season 3: Pocket Full of Lightning","7/19/22"
"The Umbrella Academy: Season 3: World's Biggest Ball of Twine","7/19/22"
"The Umbrella Academy: Season 3: Meet the Family","7/19/22"
"I Think You Should Leave with Tim Robinson: Season 1: Oh Crap, A Bunch More Bad Stuff Just Happened","7/19/22"
"I Think You Should Leave with Tim Robinson: Season 1: It's the Cigars You Smoke That Are Gonna Give You Cancer","7/19/22"
"I Think You Should Leave with Tim Robinson: Season 1: Thanks For Thinking They Are Cool","7/19/22"
"I Think You Should Leave with Tim Robinson: Season 2: They said that to me at a dinner.","7/19/22"
"Hunter X Hunter (2011): Season 1: Departure x and x Friends","7/3/22"
"The Man from Toronto","7/3/22"
"The G Word with Adam Conover: Limited Series: Food","7/3/22"
"One Piece: East Blue: Episode 1","7/3/22"
"Stranger Things: Stranger Things 4: Chapter One: The Hellfire Club","7/3/22"
"Avatar: The Last Airbender: Book 1: The Boy in the Iceberg","7/3/22"
"Replicas","5/22/22"
"The Adam Project","5/22/22"
"Outside the Wire","5/21/22"
"Code 8","5/17/22"
"Level 16","4/7/22"
"Project Power","4/5/22"
"Synchronic","3/22/22"
"Johnny Mnemonic","3/22/22"
"The Giver","3/22/22"
"Total Recall","3/16/22"
"Looper","3/14/22"
"Disenchantment: Part 4: Bean Falls Apart","3/8/22"
"Disenchantment: Part 4: The Goo-Bye Girl","3/8/22"
"Disenchantment: Part 4: Spy Vs. Spy Vs. Spy","3/8/22"
"Disenchantment: Part 4: The Unbearable Lightning of Bean","3/8/22"
"Disenchantment: Part 4: What to Expect When You're Expecting Parasites","3/6/22"
"Disenchantment: Part 4: The Pitter-Patter of Little Feet","3/6/22"
"Disenchantment: Part 4: Goon Baby Goon","3/5/22"
"Disenchantment: Part 4: The Cabinet of Dr. Chazzzzz","3/4/22"
"Disenchantment: Part 4: The Good, The Bad, and the Bum-Bum","3/4/22"
"Disenchantment: Part 4: Love Is Hell","2/28/22"
"Space Force: Season 2: THE HACK","2/25/22"
"Space Force: Season 2: THE DOCTOR'S APPOINTMENT","2/25/22"
"Space Force: Season 2: MAD (BUFF) CONFIDENCE","2/25/22"
"Space Force: Season 2: THE EUROPA PROJECT","2/25/22"
"Space Force: Season 2: THE CHINESE DELEGATION","2/25/22"
"Space Force: Season 2: BUDGET CUTS","2/25/22"
"Space Force: Season 2: THE INQUIRY","2/25/22"
"Arcane: Season 1: The Monster You Created","2/24/22"
"Arcane: Season 1: Oil and Water","2/24/22"
"Arcane: Season 1: When These Walls Come Tumbling Down","2/24/22"
"Arcane: Season 1: Everybody Wants to Be My Enemy","2/23/22"
"Arcane: Season 1: Happy Progress Day!","2/23/22"
"Arcane: Season 1: The Base Violence Necessary for Change","2/23/22"
"Arcane: Season 1: Some Mysteries Are Better Left Unsolved","2/23/22"
"Arcane: Season 1: Welcome to the Playground","2/23/22"
"Tear Along the Dotted Line: Season 1: Like a blade of grass","1/5/22"
"Tear Along the Dotted Line: Season 1: The Bacterial Steppe of Pluto","1/5/22"
"Centaurworld: Season 2: Horsatia Wighair Beansz?","12/26/21"
"Centaurworld: Season 1: The Rift: Part 2","12/26/21"
"Centaurworld: Season 1: The Rift: Part 1","12/26/21"
"Centaurworld: Season 1: Ride the Whaletaur Shaman!","12/26/21"
"Centaurworld: Season 1: Johnny Teatime's Be Best Competition: A Quest for the Sash","12/26/21"
"F is for Family: Season 5: The Rustvale Massacre","12/23/21"
"F is for Family: Season 5: The Mahogany Fortress","12/23/21"
"The Billion Dollar Code: Limited Series: Episode 1","12/16/21"
"Centaurworld: Season 1: Holes: Part 2","12/13/21"
"Centaurworld: Season 1: It's Hidin' Time","12/13/21"
"Centaurworld: Season 1: What You Need","12/13/21"
"Centaurworld: Season 1: The Key","12/10/21"
"Centaurworld: Season 1: Fragile Things","12/10/21"
"Centaurworld: Season 1: Hello Rainbow Road","12/10/21"
"Cowboy Bebop: The Real Folk Blues (Part 2)","12/5/21"
"Cowboy Bebop: The Real Folk Blues (Part 1)","12/5/21"
"Cowboy Bebop: Hard Luck Woman","12/5/21"
"The Mind, Explained: Season 2: Creativity","12/3/21"
"The Mind, Explained: Season 2: Personality","12/3/21"
"The Mind, Explained: Season 2: Teenage Brain","12/3/21"
"The Mind, Explained: Season 2: How to Focus","12/3/21"
"Cowboy Bebop: Brain Scratch","11/30/21"
"Cowboy Bebop: Cowboy Funk","11/30/21"
"Cowboy Bebop: Boogie Woogie Feng Shui","11/29/21"
"Cowboy Bebop: Pierrot le Fou","11/29/21"
"Cowboy Bebop: Wild Horses","11/29/21"
"Cowboy Bebop: Speak Like a Child","11/29/21"
"Cowboy Bebop: Mushroom Samba","11/28/21"
"Cowboy Bebop: Black Dog Serenade","11/27/21"
"Cowboy Bebop: My Funny Valentine","11/27/21"
"Cowboy Bebop: Bohemian Rhapsody","11/27/21"
"Cowboy Bebop: Jupiter Jazz (Part 2)","11/27/21"
"Cowboy Bebop: Jupiter Jazz (Part 1)","11/27/21"
"Cowboy Bebop: Toys in the Attic","11/27/21"
"Cowboy Bebop: Ganymede Elegy","11/26/21"
"Cowboy Bebop: Jamming With Edward","11/26/21"
"Cowboy Bebop: Waltz For Venus","11/25/21"
"Cowboy Bebop: Heavy Metal Queen","11/25/21"
"Cowboy Bebop: Sympathy For The Devil","11/25/21"
"Cowboy Bebop: Ballad of Fallen Angels","11/25/21"
"Cowboy Bebop: Venus Pop","11/25/21"
"Cowboy Bebop: Cowboy Gospel","11/25/21"
"Cowboy Bebop: Gateway Shuffle","11/23/21"
"Cowboy Bebop: Honky Tonk Women","11/23/21"
"Cowboy Bebop: Stray Dog Strut","11/21/21"
"Cowboy Bebop: Asteroid Blues","11/21/21"
"Inside Job: Part 1: Unpresidented","11/7/21"
"Explained: Season 3: Apologies","9/22/21"
"Explained: Season 3: Hurricanes","9/22/21"
"Explained: Season 3: Plastic Surgery","9/22/21"
"The Legend of Korra: Book Four: Balance: The Last Stand","9/13/21"
"The Legend of Korra: Book Four: Balance: Day of the Colossus","9/13/21"
"The Legend of Korra: Book Four: Balance: Kuvira's Gambit","9/13/21"
"The Legend of Korra: Book Four: Balance: Operation: Beifong","9/13/21"
"The Legend of Korra: Book Four: Balance: Beyond the Wilds","9/13/21"
"The Legend of Korra: Book Four: Balance: Remembrances","9/13/21"
"The Legend of Korra: Book Four: Balance: Reunion","9/13/21"
"The Legend of Korra: Book Four: Balance: The Battle of Zaofu","9/13/21"
"The Legend of Korra: Book Four: Balance: Enemy at the Gates","9/10/21"
"The Legend of Korra: Book Four: Balance: The Calling","9/10/21"
"The Legend of Korra: Book Four: Balance: The Coronation","9/10/21"
"The Legend of Korra: Book Four: Balance: Korra Alone","9/10/21"
"The Legend of Korra: Book Four: Balance: After All These Years","9/10/21"
"The Legend of Korra: Book Three: Change: Venom of the Red Lotus","9/9/21"
"The Legend of Korra: Book Three: Change: Enter the Void","9/9/21"
"The Legend of Korra: Book Three: Change: The Ultimatum","9/9/21"
"The Legend of Korra: Book Three: Change: Long Live the Queen","9/9/21"
"The Legend of Korra: Book Three: Change: The Stakeout","9/9/21"
"The Legend of Korra: Book Three: Change: The Terror Within","9/9/21"
"The Legend of Korra: Book Three: Change: Original Airbenders","9/9/21"
"The Legend of Korra: Book Three: Change: Old Wounds","9/9/21"
"The Legend of Korra: Book Three: Change: The Metal Clan","9/9/21"
"The Legend of Korra: Book Three: Change: In Harm's Way","9/7/21"
"The Legend of Korra: Book Three: Change: The Earth Queen","9/7/21"
"The Legend of Korra: Book Three: Change: Rebirth","9/7/21"
"The Legend of Korra: Book Three: Change: A Breath of Fresh Air","9/7/21"
"The Legend of Korra: Book Two: Spirits: Light in the Dark","9/7/21"
"The Legend of Korra: Book Two: Spirits: Darkness Falls","9/7/21"
"The Legend of Korra: Book Two: Spirits: Harmonic Convergence","9/7/21"
"The Legend of Korra: Book Two: Spirits: Night of a Thousand Stars","9/7/21"
"The Legend of Korra: Book Two: Spirits: A New Spiritual Age","9/7/21"
"The Legend of Korra: Book Two: Spirits: The Guide","9/7/21"
"The Legend of Korra: Book Two: Spirits: Beginnings: Part 2","9/7/21"
"The Legend of Korra: Book Two: Spirits: Beginnings: Part 1","9/7/21"
"The Legend of Korra: Book Two: Spirits: The Sting","9/7/21"
"The Legend of Korra: Book Two: Spirits: Peacekeepers","9/7/21"
"The Legend of Korra: Book Two: Spirits: Civil Wars: Part 2","9/7/21"
"The Legend of Korra: Book Two: Spirits: Civil Wars: Part 1","9/7/21"
"The Legend of Korra: Book Two: Spirits: The Southern Lights","9/7/21"
"Happy!: Season 2: Tallahassee","9/6/21"
"Happy!: Season 2: Some Girls Need a Lot of Repenting","9/6/21"
"The Legend of Korra: Book Two: Spirits: Rebel Spirit","9/2/21"
"The Legend of Korra: Book One: Air: Endgame","9/2/21"
"The Legend of Korra: Book One: Air: Skeletons in the Closet","9/2/21"
"The Legend of Korra: Book One: Air: Turning the Tides","9/2/21"
"The Legend of Korra: Book One: Air: The Spirit of Competition","9/2/21"
"The Legend of Korra: Book One: Air: Out of the Past","9/2/21"
"The Legend of Korra: Book One: Air: When Extremes Meet","9/2/21"
"The Legend of Korra: Book One: Air: The Aftermath","9/2/21"
"The Legend of Korra: Book One: Air: And the Winner Is…","9/2/21"
"The Legend of Korra: Book One: Air: The Voice in the Night","9/2/21"
"The Legend of Korra: Book One: Air: The Revelation","9/2/21"
"The Legend of Korra: Book One: Air: A Leaf in the Wind","9/2/21"
"The Legend of Korra: Book One: Air: Welcome to Republic City","9/2/21"
"One-Punch Man: The Strongest Hero","9/2/21"
"One-Punch Man: The Dominator of the Universe","9/2/21"
"One-Punch Man: Unparalleled Peril","9/2/21"
"One-Punch Man: Unyielding Justice","9/2/21"
"One-Punch Man: The Deep Sea King","8/25/21"
"One-Punch Man: The Ultimate Disciple","8/25/21"
"One-Punch Man: The Terrifying City","8/25/21"
"One-Punch Man: The Ultimate Mentor","8/25/21"
"One-Punch Man: The Modern Ninja","8/25/21"
"One-Punch Man: The Obsessive Scientist","8/25/21"
"One-Punch Man: The Lone Cyborg","8/25/21"
"One-Punch Man: The Strongest Man","8/25/21"
"Tattoo Redo: Who's Ready to See Some Bad Tattoos?","8/9/21"
"Explained: Season 2: Billionaires","8/5/21"
"Explained: Season 2: Animal Intelligence","8/5/21"
"Explained: Season 2: Coding","8/5/21"
"Explained: Season 2: Athleisure","8/5/21"
"Explained: Season 2: The Next Pandemic","8/5/21"
"Explained: Season 2: Pirates","8/5/21"
"Explained: Season 2: Beauty","8/5/21"
"Explained: Season 2: The Future of Meat","8/5/21"
"Explained: Season 2: Diamonds","8/5/21"
"Explained: Season 3: Flags","7/31/21"
"Explained: Season 3: Royalty","7/31/21"
"Explained: Season 3: Sugar","7/31/21"
"Bo Burnham: Inside","7/19/21"
"Big Time Rush: Big Time Audition","7/9/21"
"NCIS: Season 1: Yankee White","7/9/21"
"Thunder Force","5/23/21"
"Game Over, Man!","5/23/21"
"Arrested Development: Season 1: Pilot","5/19/21"
"Arrested Development: Season 5: The Fallout","5/18/21"
"Arrested Development: Season 5: Courting Disasters","5/18/21"
"Arrested Development: Season 5: Saving For Arraignment Day","5/18/21"
"Arrested Development: Season 5: The Untethered Sole","5/18/21"
"Arrested Development: Season 5: Check Mates","5/18/21"
"Arrested Development: Season 5: Chain Migration","5/18/21"
"Arrested Development: Season 5: Taste Makers","5/18/21"
"Arrested Development: Season 5: Unexpected Company","5/18/21"
"Arrested Development: Season 5: Premature Independence","5/18/21"
"Arrested Development: Season 5: Rom-Traum","5/18/21"
"Arrested Development: Season 5: Emotional Baggage","5/18/21"
"Arrested Development: Season 5: Sinking Feelings","5/18/21"
"Arrested Development: Season 5: An Old Start","5/17/21"
"Arrested Development: Season 5: Everyone Gets Atrophy","5/17/21"
"Arrested Development: Season 5: Self-Deportation","5/17/21"
"Arrested Development: Season 5: Family Leave","5/16/21"
"Arrested Development: Season 4 Remix: Fateful Consequences: Cinco de Cuatro III","5/16/21"
"Arrested Development: Season 4 Remix: Fateful Consequences: Cinco de Cuatro II","5/16/21"
"Arrested Development: Season 4 Remix: Fateful Consequences: Cinco de Cuatro I","5/16/21"
"Arrested Development: Season 4 Remix: Fateful Consequences: Fast Company","5/16/21"
"Arrested Development: Season 4 Remix: Fateful Consequences: Turning on Each Other","5/16/21"
"Arrested Development: Season 4 Remix: Fateful Consequences: Dire Straights","5/15/21"
"Arrested Development: Season 4 Remix: Fateful Consequences: Mixed Messages","5/15/21"
"Arrested Development: Season 4 Remix: Fateful Consequences: Locked and Loaded","5/15/21"
"Arrested Development: Season 4 Remix: Fateful Consequences: What Goes Around","5/15/21"
"Arrested Development: Season 4 Remix: Fateful Consequences: Get on Up","5/15/21"
"Arrested Development: Season 4 Remix: Fateful Consequences: Moving Pictures","5/15/21"
"Arrested Development: Season 4 Remix: Fateful Consequences: Fun Night","5/15/21"
"Arrested Development: Season 4 Remix: Fateful Consequences: Recurring Dreams","5/15/21"
"Arrested Development: Season 4 Remix: Fateful Consequences: Modern Marvels","5/15/21"
"Arrested Development: Season 4 Remix: Fateful Consequences: The Weak Become the Strong","5/15/21"
"Arrested Development: Season 4 Remix: Fateful Consequences: One Degree of Separation","5/14/21"
"Arrested Development: Season 4 Remix: Fateful Consequences: The Parent Traps","5/14/21"
"Arrested Development: Season 4 Remix: Fateful Consequences: A Couple-A New Starts","5/14/21"
"Arrested Development: Season 4 Remix: Fateful Consequences: A Trial Run","5/14/21"
"Arrested Development: Season 4 Remix: Fateful Consequences: Just Deserters","5/14/21"
"Arrested Development: Season 4 Remix: Fateful Consequences: Three Half Men","5/14/21"
"Arrested Development: Season 4 Remix: Fateful Consequences: Re Cap'n Bluth","5/13/21"
"Arrested Development: Season 3: Development Arrested","5/12/21"
"Arrested Development: Season 3: Exit Strategy","5/12/21"
"Arrested Development: Season 3: Family Ties","5/12/21"
"Arrested Development: Season 3: Fakin' It","5/12/21"
"Arrested Development: Season 3: S.O.B.s","5/12/21"
"Arrested Development: Season 3: Making a Stand","5/12/21"
"Arrested Development: Season 3: Prison Break-In","5/12/21"
"Arrested Development: Season 3: The Ocean Walker","5/11/21"
"Arrested Development: Season 3: Mr. F","5/11/21"
"Arrested Development: Season 3: Notapusy","5/9/21"
"Arrested Development: Season 3: Forget Me Now","5/9/21"
"Arrested Development: Season 3: For British Eyes Only","5/9/21"
"Arrested Development: Season 3: The Cabin Show","5/9/21"
"Arrested Development: Season 2: The Righteous Brothers","5/9/21"
"Arrested Development: Season 2: Spring Breakout","5/9/21"
"Arrested Development: Season 2: Meat the Veals","5/9/21"
"Arrested Development: Season 2: Sword of Destiny","5/8/21"
"Arrested Development: Season 2: The Immaculate Election","5/8/21"
"Arrested Development: Season 2: Motherboy XXX","5/8/21"
"Arrested Development: Season 2: Hand to God","5/8/21"
"Arrested Development: Season 2: Out on a Limb","5/8/21"
"Arrested Development: Season 2: Ready, Aim, Marry Me!","5/8/21"
"Arrested Development: Season 2: Burning Love","5/8/21"
"Arrested Development: Season 2: Queen for a Day","5/8/21"
"Arrested Development: Season 2: Switch Hitter","5/8/21"
"Arrested Development: Season 2: Afternoon Delight","5/8/21"
"Arrested Development: Season 2: Sad Sack","5/8/21"
"Arrested Development: Season 2: Good Grief","5/2/21"
"Arrested Development: Season 2: iAmigos!","5/2/21"
"Arrested Development: Season 2: The One Where They Build a House","5/2/21"
"Arrested Development: Season 1: Not Without My Daughter","5/2/21"
"Arrested Development: Season 2: The One Where Michael Leaves","5/2/21"
"Arrested Development: Season 1: Let 'Em Eat Cake","5/2/21"
"Arrested Development: Season 1: Whistler's Mother","5/2/21"
"Arrested Development: Season 1: Best Man for the Gob","5/2/21"
"Arrested Development: Season 1: Missing Kitty","5/2/21"
"Arrested Development: Season 1: Shock and Aww","5/2/21"
"Arrested Development: Season 1: Beef Consomme","5/2/21"
"Arrested Development: Season 1: Justice is Blind","5/2/21"
"Arrested Development: Season 1: Altar Egos","5/2/21"
"Arrested Development: Season 1: Staff Infection","5/2/21"
"Arrested Development: Season 1: Marta Complex","5/2/21"
"Arrested Development: Season 1: Public Relations","5/2/21"
"Arrested Development: Season 1: Pier Pressure","5/2/21"
"Arrested Development: Season 1: Storming the Castle","5/2/21"
"Arrested Development: Season 1: My Mother, the Car","4/24/21"
"Arrested Development: Season 1: In God We Trust","4/24/21"
"Arrested Development: Season 1: Visiting Ours","4/24/21"
"Arrested Development: Season 1: Charity Drive","4/24/21"
"Arrested Development: Season 1: Key Decisions","4/24/21"
"Arrested Development: Season 1: Bringing Up Buster","4/7/21"
"Arrested Development: Season 1: Top Banana","4/7/21"
"Formula 1: Drive to Survive: Season 3: Cash Is King","3/24/21"
"Carmen Sandiego: Season 1: Becoming Carmen Sandiego: Part I","2/28/21"
"Donald Glover: Weirdo","2/27/21"
"Spycraft: High-Tech Surveillance and an Eye in the Sky","2/27/21"
"BoJack Horseman: Season 6: Surprise!","2/22/21"
"BoJack Horseman: Season 6: Feel-Good Story","2/19/21"
"Blown Away: Season 2: Finale","2/18/21"
"Blown Away: Season 2: Light My Fire","2/18/21"
"Blown Away: Season 2: Runway Walk","2/18/21"
"Blown Away: Season 2: Who's Got Game?","2/18/21"
"Blown Away: Season 2: Scents and Sensibility","2/18/21"
"Blown Away: Season 2: Center of Attention","2/18/21"
"Blown Away: Season 2: Force of Nature","2/18/21"
"Blown Away: Season 2: Name That Toon","2/18/21"
"Blown Away: Season 2: Think Inside the Box","2/18/21"
"Blown Away: Season 2: Mirror, Mirror","2/18/21"
"Disenchantment: Part 3: Bean Falls Down","2/16/21"
"Disenchantment: Part 3: The Madness of King Zøg","2/15/21"
"Disenchantment: Part 3: Hey, Pig Spender","2/15/21"
"Disenchantment: Part 3: Bad Moon Rising","2/15/21"
"Forensic Files: Collection 9: Shear Luck","2/12/21"
"The Blacklist: Season 7: The Kazanjian Brothers","2/7/21"
"The Blacklist: Season 7: Roy Cain (No. 150)","2/7/21"
"The Blacklist: Season 7: Brothers","2/7/21"
"The Blacklist: Season 7: Nyle Hatcher (No. 149)","2/7/21"
"The Blacklist: Season 7: Gordon Kemp (No. 158)","2/7/21"
"The Blacklist: Season 7: Twamie Ullulaq (No. 126)","2/7/21"
"The Blacklist: Season 7: Newton Purcell (No. 144)","2/7/21"
"The Blacklist: Season 7: Cornelius Ruck (No. 155)","2/6/21"
"The Blacklist: Season 7: Victoria Fenberg (No. 137)","2/4/21"
"The Blacklist: Season 7: Katarina Rostova (No. 3)","2/4/21"
"The Blacklist: Season 7: Orion Relocation Services (No. 159)","2/4/21"
"Disenchantment: Part 3: Last Splash","1/31/21"
"Disenchantment: Part 3: Freak Out!","1/31/21"
"Disenchantment: Part 3: Steamland Confidential","1/31/21"
"Disenchantment: Part 3: Beanie Get Your Gun","1/26/21"
"Disenchantment: Part 3: You're the Bean","1/23/21"
"Disenchantment: Part 3: Subterranean Homesick Blues","1/23/21"
"Blown Away: Season 1: Best in Blow","1/13/21"
"Blown Away: Season 1: Body Parts","1/13/21"
"Blown Away: Season 1: The Glass is Greener","1/13/21"
"Blown Away: Season 1: Dual Intent","1/13/21"
"Blown Away: Season 1: Pop Art Blowup","1/13/21"
"Blown Away: Season 1: Thirsty Work","1/12/21"
"Blown Away: Season 1: Clash of the Robots","1/12/21"
"Blown Away: Season 1: Lighten Up","1/12/21"
"Blown Away: Season 1: Potluck Party","1/12/21"
"Blown Away: Season 1: Snapshot","1/12/21"
"Hilda: Season 2: Chapter 13: The Stone Forest","1/10/21"
"Hilda: Season 2: Chapter 12: The Replacement","1/10/21"
"Hilda: Season 2: Chapter 11: The Jorts Incident","1/10/21"
"Hilda: Season 2: Chapter 10: The Yule Lads","1/10/21"
"Hilda: Season 2: Chapter 9: The Deerfox","1/9/21"
"Hilda: Season 2: Chapter 8: The Fifty Year Night","1/9/21"
"Hilda: Season 2: Chapter 7: The Beast of Cauldron Island","1/9/21"
"Hilda: Season 2: Chapter 6: The Old Bells of Trolberg","1/9/21"
"Kipo and the Age of Wonderbeasts: Season 3: Age of the Wonderbeasts","1/7/21"
"Kipo and the Age of Wonderbeasts: Season 3: Prahmises","1/7/21"
"Kipo and the Age of Wonderbeasts: Season 3: Hidden Treasures","1/7/21"
"Kipo and the Age of Wonderbeasts: Season 3: Requiem for a Dave","1/7/21"
"Kipo and the Age of Wonderbeasts: Season 3: It's a Trap","1/7/21"
"Kipo and the Age of Wonderbeasts: Season 3: Song ReMix","1/7/21"
"Kipo and the Age of Wonderbeasts: Season 3: Don't You Forget a Meow Me","1/6/21"
"Kipo and the Age of Wonderbeasts: Season 3: A Wolf in Wolf's Clothing","1/6/21"
"Kipo and the Age of Wonderbeasts: Season 3: Code Word Milkshake","1/6/21"
"Kipo and the Age of Wonderbeasts: Season 3: Everything Is Crabs","1/5/21"
"Kipo and the Age of Wonderbeasts: Season 2: Heroes on Fire","1/5/21"
"Kipo and the Age of Wonderbeasts: Season 2: All That Glitters","1/5/21"
"Kipo and the Age of Wonderbeasts: Season 2: Sympathy for the Mandrill","1/5/21"
"Kipo and the Age of Wonderbeasts: Season 2: Benson and the Beast","1/5/21"
"Kipo and the Age of Wonderbeasts: Season 2: Fun Gus Part II","1/5/21"
"Kipo and the Age of Wonderbeasts: Season 2: Fun Gus Part 1","1/4/21"
"Kipo and the Age of Wonderbeasts: Season 2: To Catch a Deathstalker","1/4/21"
"Kipo and the Age of Wonderbeasts: Season 2: The Ballad of Brunchington Beach","1/4/21"
"Kipo and the Age of Wonderbeasts: Season 2: The Goat Cheese Prophecy","1/4/21"
"Kipo and the Age of Wonderbeasts: Season 2: Paw of the Jaguar","1/4/21"
"Kipo and the Age of Wonderbeasts: Season 1: Beyond the Valley of the Dogs","1/2/21"
"Kipo and the Age of Wonderbeasts: Season 1: Mute-Eat-Mute World","1/2/21"
"Kipo and the Age of Wonderbeasts: Season 1: Twin Beaks","1/2/21"
"Kipo and the Age of Wonderbeasts: Season 1: Mulholland","1/2/21"
"Kipo and the Age of Wonderbeasts: Season 1: Ratland","1/2/21"
"Kipo and the Age of Wonderbeasts: Season 1: The Astronomers in Turtlenecks","12/29/20"
"Kipo and the Age of Wonderbeasts: Season 1: Cactus Town","12/29/20"
"Kipo and the Age of Wonderbeasts: Season 1: Real Cats Wear Plaid","12/29/20"
"Kipo and the Age of Wonderbeasts: Season 1: Explosion Berries","12/29/20"
"Kipo and the Age of Wonderbeasts: Season 1: Burrow Girl","12/29/20"
"Hilda: Season 2: Chapter 5: The Windmill","12/29/20"
"Hilda: Season 2: Chapter 4: The Eternal Warriors","12/27/20"
"Hilda: Season 2: Chapter 3: The Witch","12/27/20"
"Big Mouth: Season 4: What Are You Gonna Do?","12/27/20"
"Big Mouth: Season 4: Horrority House","12/26/20"
"Big Mouth: Season 4: The Funeral","12/26/20"
"Big Mouth: Season 4: Four Stories About Hand Stuff","12/26/20"
"Big Mouth: Season 4: Nick Starr","12/25/20"
"Big Mouth: Season 4: A Very Special 9/11 Episode","12/25/20"
"Big Mouth: Season 4: Cafeteria Girls","12/25/20"
"Big Mouth: Season 4: Poop Madness","12/25/20"
"Big Mouth: Season 4: The Hugest Period Ever","12/23/20"
"Big Mouth: Season 4: The New Me","12/23/20"
"Hilda: Season 2: Chapter 2: The Draugen","12/23/20"
"Hilda: Season 2: Chapter 1: The Troll Circle","12/23/20"
"The Blacklist: Season 7: The Hawaladar (No. 162)","12/18/20"
"The Blacklist: Season 7: Hannah Hayes (No. 125)","12/18/20"
"The Blacklist: Season 7: Dr. Lewis Powell (No. 130)","12/16/20"
"The Blacklist: Season 7: Norman Devane (No. 138)","12/16/20"
"The Blacklist: Season 7: Kuwait","12/14/20"
"The Blacklist: Season 7: Les Fleurs Du Mal (No. 151)","12/14/20"
"The Blacklist: Season 7: Louis T. Steinhil (No. 27): Conclusion","12/12/20"
"The Blacklist: Season 7: Louis T. Steinhil (No. 27)","12/12/20"
"The Blacklist: Season 6: Robert Diaz (No. 15)","12/11/20"
"The Blacklist: Season 6: Anna McMahon (No. 60)","12/11/20"
"The Blacklist: Season 6: Guillermo Rizal (No. 128)","12/11/20"
"The Blacklist: Season 6: Rassvet","12/9/20"
"The Blacklist: Season 6: The Brockton College Killer (No. 92)","12/9/20"
"The Blacklist: Season 6: The Third Estate (No. 136)","12/9/20"
"The Blacklist: Season 6: Lady Luck (No. 69)","12/9/20"
"The Blacklist: Season 6: Olivia Olson (No. 115)","12/9/20"
"The Blacklist: Season 6: The Osterman Umbrella Company (No. 6)","12/8/20"
"The Blacklist: Season 6: Robert Vesco (No. 9)","12/8/20"
"The Blacklist: Season 6: Bastien Moreau (no. 20): Conclusion","12/8/20"
"The Blacklist: Season 6: Bastien Moreau (no. 20)","12/8/20"
"The Blacklist: Season 6: The Cryptobanker (No. 160)","12/7/20"
"The Blacklist: Season 6: Minister D (No. 99)","12/7/20"
"The Blacklist: Season 6: Marko Jankowics (No. 58)","12/7/20"
"The Blacklist: Season 6: General Shiro (No. 116)","11/30/20"
"The Blacklist: Season 6: The Ethicist (No. 91)","11/30/20"
"The Blacklist: Season 6: Alter Ego (No. 131)","11/30/20"
"The Blacklist: Season 6: The Pawnbrokers (No. 146/147)","11/30/20"
"The Blacklist: Season 6: The Pharmacist (No. 124)","11/30/20"
"The Blacklist: Season 6: The Corsican (No. 20)","11/28/20"
"The Blacklist: Season 6: Dr. Hans Koehler (No. 33)","11/26/20"
"The Blacklist: Season 5: Sutton Ross (No. 17)","11/26/20"
"The Blacklist: Season 5: Lawrence Dane Devlin (No. 26)","11/26/20"
"The Blacklist: Season 5: Nicholas T. Moore (No. 110)","11/26/20"
"The Blacklist: Season 5: Ian Garvey (No. 13): Conclusion","11/26/20"
"The Blacklist: Season 5: Zarak Mosadek (No. 23)","11/26/20"
"The Blacklist: Season 5: Anna-Garcia Duerte (No. 25)","11/25/20"
"The Blacklist: Season 5: The Capricorn Killer (No. 19)","11/25/20"
"The Blacklist: Season 5: Pattie Sue Edwards (No. 68)","11/25/20"
"The Blacklist: Season 5: Raleigh Sinclair III (No. 51)","11/25/20"
"The Blacklist: Season 5: The Invisible Hand","11/25/20"
"The Blacklist: Season 5: The Cook (No. 56)","11/24/20"
"The Blacklist: Season 5: Abraham Stern (No. 100)","11/24/20"
"The Blacklist: Season 5: The Informant (No. 118)","11/24/20"
"The Blacklist: Season 5: Ruin","11/23/20"
"The Blacklist: Season 5: Ian Garvey (No. 13)","11/23/20"
"The Blacklist: Season 5: The Killgannon Corporation (No. 48)","11/23/20"
"The Blacklist: Season 5: The Travel Agency (No. 90)","11/23/20"
"The Blacklist: Season 5: Ilyas Surkov (No. 54)","11/23/20"
"The Blacklist: Season 5: The Endling (No. 44)","11/22/20"
"The Blacklist: Season 5: Miss Rebecca Thrall (No. 76)","11/22/20"
"The Blacklist: Season 5: Greyson Blaise (No. 37)","11/22/20"
"The Blacklist: Season 5: Smokey Putnum (No. 30)","11/22/20"
"The Blacklist: Season 4: Mr. Kaplan (No. 4): Conclusion","11/22/20"
"The Blacklist: Season 4: Mr. Kaplan (No. 4)","11/22/20"
"The Blacklist: Season 4: The Debt Collector (No. 46)","11/22/20"
"The Blacklist: Season 4: The Apothecary (No. 59)","11/22/20"
"The Blacklist: Season 4: Dr. Bogdan Krilov (No. 29)","11/22/20"
"The Blacklist: Season 4: Philomena (No. 61)","11/22/20"
"The Blacklist: Season 4: Requiem","11/22/20"
"The Blacklist: Season 4: Dembe Zuma (No. 10)","11/21/20"
"The Blacklist: Season 4: The Architect (No. 107)","11/21/20"
"The Blacklist: Season 4: Isabella Stone (No. 34)","11/21/20"
"The Blacklist: Season 4: Natalie Luca (No. 184)","11/21/20"
"The Blacklist: Season 4: The Harem (No. 102)","11/21/20"
"The Blacklist: Season 4: The Forecaster (No. 163)","11/20/20"
"The Blacklist: Season 4: Lipet's Seafood Company (No. 111)","11/20/20"
"The Blacklist: Season 4: Dr. Adrian Shaw (No. 98): Conclusion","11/20/20"
"The Blacklist: Season 4: Dr. Adrian Shaw (No. 98)","11/20/20"
"The Blacklist: Season 4: The Thrushes (No. 53)","11/20/20"
"The Blacklist: Season 4: The Lindquist Concern (No. 105)","11/20/20"
"The Blacklist: Season 4: Gaia (No. 81)","11/20/20"
"The Blacklist: Season 4: Miles McGrath (No. 65)","11/20/20"
"The Blacklist: Season 4: Mato (No. 66)","11/19/20"
"The Blacklist: Season 4: Esteban (No. 79)","11/19/20"
"The Blacklist: Season 3: Alexander Kirk (No. 14): Conclusion","11/19/20"
"The Blacklist: Season 3: Alexander Kirk (No. 14)","11/19/20"
"The Blacklist: Season 3: Susan Hargrave","11/19/20"
"The Blacklist: Season 3: The Artax Network","11/19/20"
"The Blacklist: Season 3: Cape May","11/19/20"
"The Blacklist: Season 3: Mr. Solomon (No. 32): The Conclusion","11/18/20"
"The Blacklist: Season 3: Mr. Solomon (No. 32)","11/18/20"
"The Blacklist: Season 3: The Caretaker (No. 78)","11/18/20"
"The Blacklist: Season 3: Drexel (No. 113)","11/18/20"
"The Blacklist: Season 3: Lady Ambrosia (No. 77)","11/18/20"
"The Blacklist: Season 3: Alistair Pitt (No. 103)","11/18/20"
"The Blacklist: Season 3: The Vehm (No. 132)","11/18/20"
"The Blacklist: Season 3: Mr. Gregory Devry (No. 95)","11/18/20"
"The Blacklist: Season 3: The Director (No. 24): Conclusion","11/18/20"
"The Blacklist: Season 3: The Director (No. 24)","11/18/20"
"The Blacklist: Season 3: Kings Of The Highway (No. 108)","11/17/20"
"The Blacklist: Season 3: Zal Bin Hasaan (No. 31)","11/17/20"
"The Blacklist: Season 3: Sir Crispin Crandall (No. 86)","11/17/20"
"The Blacklist: Season 3: Arioch Cain (No. 50)","11/17/20"
"The Blacklist: Season 3: The Djinn (No. 43)","11/17/20"
"The Blacklist: Season 3: Eli Matchett (No. 72)","11/17/20"
"The Blacklist: Season 3: Marvin Gerard (No. 80)","11/17/20"
"The Blacklist: Season 3: The Troll Farmer (No. 38)","11/17/20"
"The Blacklist: Season 2: Tom Connolly (No. 11)","11/17/20"
"The Blacklist: Season 2: Karakurt (No. 55)","11/17/20"
"The Blacklist: Season 2: Quon Zhang (No. 87)","11/17/20"
"The Blacklist: Season 2: Leonard Caul (No. 62)","11/17/20"
"The Blacklist: Season 2: Vanessa Cruz (No. 117)","11/17/20"
"The Blacklist: Season 2: The Longevity Initiative (No. 97)","11/16/20"
"The Blacklist: Season 2: Tom Keen (No. 7)","11/16/20"
"The Blacklist: Season 2: The Major (No. 75)","11/16/20"
"The Blacklist: Season 2: T. Earl King VI (No. 94)","11/16/20"
"The Blacklist: Season 2: The Deer Hunter (No. 93)","11/16/20"
"The Blacklist: Season 2: The Kenyon Family (No. 71)","11/16/20"
"The Blacklist: Season 2: Ruslan Denisov (No. 67)","11/16/20"
"The Blacklist: Season 2: Luther Braxton (No. 21): Conclusion","11/16/20"
"The Blacklist: Season 2: Luther Braxton (No. 21)","11/15/20"
"The Blacklist: Season 2: The Decembrist (No. 12)","11/15/20"
"The Blacklist: Season 2: The Scimitar (No. 22)","11/15/20"
"The Blacklist: Season 2: The Mombasa Cartel (No. 114)","11/15/20"
"The Blacklist: Season 2: The Front (No. 74)","11/15/20"
"The Blacklist: Season 2: Dr. Linus Creel (No. 82)","11/15/20"
"The Blacklist: Season 2: Dr. James Covington (No. 89)","11/15/20"
"The Blacklist: Season 2: Monarch Douglas Bank (No. 112)","11/15/20"
"The Blacklist: Season 2: Lord Baltimore (No. 104)","11/15/20"
"The Blacklist: Season 1: Berlin (No. 8): Conclusion","11/15/20"
"The Blacklist: Season 1: Berlin (No. 8)","11/15/20"
"The Blacklist: Season 1: The Kingmaker (No. 42)","11/15/20"
"The Blacklist: Season 1: The Pavlovich Brothers (No. 119-122)","11/15/20"
"The Blacklist: Season 1: Milton Bobbit (No. 135)","11/15/20"
"The Blacklist: Season 1: Ivan (No. 88)","11/15/20"
"The Blacklist: Season 1: Mako Tanida (No. 83)","11/15/20"
"The Good Place: Season 3: The Brainy Bunch","11/11/20"
"Hoops: Ethics","10/31/20"
"Hoops: My Two Dads","10/31/20"
"Hoops: The Pilot","10/31/20"
"The Great British Baking Show: Collection 8: Pastry Week","10/31/20"
"The Great British Baking Show: Collection 8: Chocolate Week","10/31/20"
"The Great British Baking Show: Collection 8: Cake Week","10/31/20"
"The Queen's Gambit: Limited Series: End Game","10/30/20"
"The Queen's Gambit: Limited Series: Adjournment","10/29/20"
"The Queen's Gambit: Limited Series: Fork","10/29/20"
"The Queen's Gambit: Limited Series: Middle Game","10/28/20"
"The Queen's Gambit: Limited Series: Doubled Pawns","10/28/20"
"The Queen's Gambit: Limited Series: Exchanges","10/28/20"
"The Queen's Gambit: Limited Series: Openings","10/27/20"
"F is for Family: Season 4: Baby, Baby, Baby","10/27/20"
"F is for Family: Season 4: Land Ho!","10/27/20"
"F is for Family: Season 4: Murphy & Son","10/27/20"
"F is for Family: Season 4: R Is For Rosie","10/27/20"
"F is for Family: Season 4: Come to Papa","10/26/20"
"F is for Family: Season 4: Just Breathe","10/26/20"
"F is for Family: Season 4: The 'B' Word","10/26/20"
"F is for Family: Season 4: Bring Me a Tooth","10/26/20"
"F is for Family: Season 4: Nothing Is Impossible","10/25/20"
"F is for Family: Season 4: Father Confessor","10/25/20"
"F is for Family: Season 3: Bill Murphy's Night Off","10/25/20"
"F is for Family: Season 3: Frank the Father","10/25/20"
"F is for Family: Season 3: It's In His Blood","10/25/20"
"F is for Family: Season 3: Summer Vacation","10/25/20"
"F is for Family: Season 3: Punch Drunk","10/25/20"
"F is for Family: Season 3: Battle of the Sexes","10/25/20"
"F is for Family: Season 3: Mr. Murphy's Wild Ride","10/25/20"
"F is for Family: Season 3: The Stinger","10/25/20"
"F is for Family: Season 3: Paul Lynde to Block","10/24/20"
"F is for Family: Season 3: Are You Ready for the Summer?","10/24/20"
"F is for Family: Season 2: Landing the Plane","10/24/20"
"F is for Family: Season 2: Pray Away","10/24/20"
"F is for Family: Season 2: F Is for Fixing It","10/24/20"
"F is for Family: Season 2: Fight Night","10/24/20"
"F is for Family: Season 2: This Is Not Good","10/24/20"
"F is for Family: Season 2: Breaking Bill","10/23/20"
"F is for Family: Season 2: Night Shift","10/23/20"
"F is for Family: Season 2: The Liar's Club","10/23/20"
"F is for Family: Season 2: A Girl Named Sue","10/21/20"
"F is for Family: Season 2: Heavy Sledding","10/21/20"
"F is for Family: Season 1: O Holy Moly Night","10/21/20"
"F is for Family: Season 1: Bill Murphy’s Day Off","10/21/20"
"F is for Family: Season 1: 'F' is for Halloween","10/20/20"
"F is for Family: Season 1: The Trough","10/20/20"
"F is for Family: Season 1: Saturday Bloody Saturday","10/20/20"
"F is for Family: Season 1: The Bleedin’ in Sweden","10/20/20"
"The Umbrella Academy: Season 2: The End of Something","9/18/20"
"The Umbrella Academy: Season 2: The Seven Stages","9/18/20"
"The Umbrella Academy: Season 2: 743","9/18/20"
"Indian Matchmaking: Season 1: Slim, Trim and Educated","8/14/20"
"The Umbrella Academy: Season 2: Öga for Öga","8/8/20"
"The Umbrella Academy: Season 2: A Light Supper","8/7/20"
"The Umbrella Academy: Season 2: Valhalla","8/7/20"
"The Umbrella Academy: Season 2: The Majestic 12","8/7/20"
"The Umbrella Academy: Season 2: The Swedish Job","8/7/20"
"The Umbrella Academy: Season 2: The Frankel Footage","8/7/20"
"The Umbrella Academy: Season 2: Right Back Where We Started","8/7/20"
"Selfless","7/26/20"
"Eric Andre: Legalize Everything","7/1/20"
"Patriot Act with Hasan Minhaj: Volume 6: Why Doing Taxes Is So Hard","6/29/20"
"Fullmetal Alchemist: Those Who Challenge the Sun","6/29/20"
"Uncut Gems","6/28/20"
"The Joel McHale Show with Joel McHale: Season 1 Part 1: Bitterness and Disappointment","6/27/20"
"Space Force: Season 1: PROPORTIONATE RESPONSE","6/2/20"
"Space Force: Season 1: IT’S GOOD TO BE BACK ON THE MOON","6/2/20"
"Space Force: Season 1: CONJUGAL VISIT","6/2/20"
"Space Force: Season 1: EDISON JAYMES","6/2/20"
"Space Force: Season 1: THE SPY","6/1/20"
"Space Force: Season 1: SPACE FLAG","6/1/20"
"Space Force: Season 1: LUNAR HABITAT","6/1/20"
"Space Force: Season 1: MARK AND MALLORY GO TO WASHINGTON","5/31/20"
"Space Force: Season 1: SAVE EPSILON 6!","5/31/20"
"Space Force: Season 1: THE LAUNCH","5/31/20"
"She-Ra and the Princesses of Power: Season 5: Heart Part 2","5/29/20"
"She-Ra and the Princesses of Power: Season 5: Heart Part 1","5/29/20"
"She-Ra and the Princesses of Power: Season 5: Failsafe","5/29/20"
"She-Ra and the Princesses of Power: Season 5: Return to the Fright Zone","5/29/20"
"She-Ra and the Princesses of Power: Season 5: An Ill Wind","5/29/20"
"She-Ra and the Princesses of Power: Season 5: Shot in the Dark","5/29/20"
"She-Ra and the Princesses of Power: Season 5: Perils of Peekablue","5/29/20"
"She-Ra and the Princesses of Power: Season 5: Taking Control","5/29/20"
"She-Ra and the Princesses of Power: Season 5: Save the Cat","5/29/20"
"She-Ra and the Princesses of Power: Season 5: Stranded","5/29/20"
"She-Ra and the Princesses of Power: Season 5: Corridors","5/29/20"
"She-Ra and the Princesses of Power: Season 5: Launch","5/29/20"
"She-Ra and the Princesses of Power: Season 5: Horde Prime","5/25/20"
"She-Ra and the Princesses of Power: Season 4: Destiny Part 2","5/25/20"
"She-Ra and the Princesses of Power: Season 4: Destiny Part 1","5/25/20"
"She-Ra and the Princesses of Power: Season 4: Beast Island","5/25/20"
"She-Ra and the Princesses of Power: Season 4: Fractures","5/25/20"
"Patriot Act with Hasan Minhaj: Volume 6: What Happens If You Can't Pay Rent?","5/24/20"
"Next Gen","5/24/20"
"Altered Carbon: Resleeved","5/22/20"
"Middleditch & Schwartz: Limited Series: Parking Lot Wedding","5/19/20"
"Community: Season 2: Advanced Dungeons and Dragons","4/30/20"
"The Joel McHale Show with Joel McHale: Season 1 Part 1: ...Not","4/27/20"
"The Joel McHale Show with Joel McHale: Season 1 Part 1: Here Be Dragons","4/27/20"
"The Joel McHale Show with Joel McHale: Season 1 Part 1: It's Working","4/27/20"
"The Joel McHale Show with Joel McHale: Season 1 Part 1: Skip Joel","4/27/20"
"The Midnight Gospel: Hunters Without a Home","4/21/20"
"The Midnight Gospel: Officers and Wolves","4/21/20"
"The Midnight Gospel: Taste of the King","4/21/20"
"Trevor Noah: Son of Patricia","4/18/20"
"The Laundromat","4/15/20"
"The Invention of Lying","4/6/20"
"I Am Not Okay With This: Deepest, Darkest Secret","4/3/20"
"I Am Not Okay With This: Like Father, Like Daughter","4/3/20"
"I Am Not Okay With This: Another Day in Paradise","4/3/20"
"I Am Not Okay With This: Stan by Me","4/3/20"
"I Am Not Okay With This: The Party's Over","4/3/20"
"I Am Not Okay With This: The Master of One F**k","4/3/20"
"I Am Not Okay With This: Dear Diary...","4/3/20"
"Better Than Us: Episode 16","3/23/20"
"Better Than Us: Episode 15","3/22/20"
"Better Than Us: Episode 14","3/22/20"
"Better Than Us: Episode 13","3/22/20"
"The Crown: Season 1: Wolferton Splash","3/21/20"
"Limitless: Finale: Part Two!!","3/9/20"
"Limitless: Finale: Part One!","3/9/20"
"Limitless: Hi, My Name Is Rebecca Harris","3/9/20"
"Limitless: A Dog's Breakfast","3/9/20"
"Limitless: Bezgranichnyy","3/9/20"
"Limitless: Close Encounters","3/9/20"
"Limitless: Sands, Agent of Morra","3/9/20"
"Limitless: Undercover!","3/9/20"
"Limitless: Fundamentals of Naked Portraiture","3/8/20"
"Limitless: Stop Me Before I Hug Again","3/4/20"
"Limitless: The Assassination of Eddie Morra","3/3/20"
"Limitless: This Is Your Brian on Drugs","3/3/20"
"Limitless: Arm-ageddon","3/1/20"
"Limitless: Headquarters!","3/1/20"
"Limitless: When Pirates Pirate Pirates","3/1/20"
"Limitless: Brian Finch's Black Op","3/1/20"
"Limitless: Side Effects May Include…","3/1/20"
"Limitless: Personality Crisis","3/1/20"
"Limitless: Page 44","3/1/20"
"Limitless: The Legend of Marco Ramos","3/1/20"
"Limitless: Badge! Gun!","3/1/20"
"Limitless: Pilot","3/1/20"
"Dark Matter: Episode 2","2/16/20"
"Dark Matter: Episode 1","2/16/20"
"Better Than Us: Episode 12","2/10/20"
"Another Life: Season 1: Through the Valley of Shadows","2/10/20"
"Another Life: Season 1: Across the Universe","2/10/20"
"Omniscient: Don't forget that I'll keep my eyes on you","2/5/20"
"Omniscient: Open this door!","2/5/20"
"Omniscient: Who wants to dive in first?","2/5/20"
"Omniscient: This is our Pandora's Box","2/4/20"
"Omniscient: A good person who's done a horrible thing","2/4/20"
"Omniscient: I committed a crime","2/4/20"
"Patriot Act with Hasan Minhaj: Volume 5: How America Is Causing Global Obesity","1/29/20"
"Patriot Act with Hasan Minhaj: Volume 5: Why We Can't Retire","1/29/20"
"Patriot Act with Hasan Minhaj: Volume 5: Don't Ignore the Asian Vote in 2020","1/29/20"
"Gilmore Girls: Season 3: Eight O'Clock at the Oasis","1/22/20"
"Better Than Us: Episode 5","1/5/20"
"Better Than Us: Episode 4","1/5/20"
"Better Than Us: Episode 3","1/5/20"
"Better Than Us: Episode 2","1/5/20"
"Better Than Us: Episode 1","1/5/20"
"Great News: Chuck Pierce Is Blind","12/16/19"
"Great News: Bear Attack","12/16/19"
"Great News: Pilot","12/16/19"
"New Girl: Season 7: Engram Pattersky","12/12/19"
"She-Ra and the Princesses of Power: Season 4: Hero","12/5/19"
"She-Ra and the Princesses of Power: Season 4: Boys' Night Out","12/5/19"
"She-Ra and the Princesses of Power: Season 4: Mer-Mysteries","12/5/19"
"Patriot Act with Hasan Minhaj: Volume 5: Trump's Worst Policy: Killing Asylum","12/3/19"
"Patriot Act with Hasan Minhaj: Volume 5: The Ugly Truth of Fast Fashion","12/3/19"
"Patriot Act with Hasan Minhaj: Volume 4: The Broken Policing System","12/3/19"
"Patriot Act with Hasan Minhaj: Volume 5: Mental Health","12/3/19"
"Patriot Act with Hasan Minhaj: Volume 5: Why Billionaires Won't Save Us","12/2/19"
"She-Ra and the Princesses of Power: Season 4: Princess Scorpia","12/1/19"
"She-Ra and the Princesses of Power: Season 4: Protocol","11/30/19"
"She-Ra and the Princesses of Power: Season 4: Pulse","11/30/19"
"She-Ra and the Princesses of Power: Season 4: Flutterina","11/30/19"
"She-Ra and the Princesses of Power: Season 4: The Valley of the Lost","11/30/19"
"She-Ra and the Princesses of Power: Season 4: The Coronation","11/30/19"
"Hot Date: Hot Date: Season 1: Gold Diggers","11/21/19"
"Hot Date: Hot Date: Season 1: Double Standards","11/21/19"
"Hot Date: Hot Date: Season 1: Where Have All My Friends Gone","11/21/19"
"Hot Date: Hot Date: Season 1: Throwback Thursday","11/21/19"
"Sense8: Season 2: Amor Vincit Omnia","11/21/19"
"New Girl: Season 7: The Curse of the Pirate Bride","11/21/19"
"New Girl: Season 7: Mario","11/21/19"
"New Girl: Season 7: Godparents","11/21/19"
"Sense8: Season 2: You Want a War?","11/21/19"
"Sense8: Season 2: If All the World's a Stage, Identity Is Nothing But a Costume","11/20/19"
"Sense8: Season 2: What Family Actually Means","11/20/19"
"Sense8: Season 2: All I Want Right Now Is One More Bullet","11/20/19"
"Sense8: Season 2: I Have No Room In My Heart For Hate","11/20/19"
"Sense8: Season 2: Isolated Above, Connected Below","11/20/19"
"Sense8: Season 2: Fear Never Fixed Anything","11/20/19"
"New Girl: Season 7: Where the Road Goes","11/20/19"
"New Girl: Season 7: Lillypads","11/20/19"
"New Girl: Season 7: Tuesday Meeting","11/20/19"
"Sense8: Season 2: Polyphony","11/20/19"
"Sense8: Season 2: Obligate Mutualisms","11/20/19"
"Sense8: Season 2: Who Am I?","11/18/19"
"Sense8: Season 2: Happy F*cking New Year.","11/18/19"
"Sense8: Season 1: I Can’t Leave Her","11/17/19"
"Sense8: Season 1: Just Turn the Wheel and the Future Changes","11/17/19"
"Sense8: Season 1: What Is Human?","11/17/19"
"Sense8: Season 1: Death Doesn’t Let You Say Goodbye","11/16/19"
"Sense8: Season 1: We Will All Be Judged by the Courage of Our Hearts","11/16/19"
"Sense8: Season 1: W. W. N. Double D?","11/16/19"
"Sense8: Season 1: Demons","11/16/19"
"Sense8: Season 1: Art Is Like Religion","11/16/19"
"BoJack Horseman: Season 6: The New Client","11/8/19"
"BoJack Horseman: Season 6: A Horse Walks into a Rehab","11/8/19"
"Sense8: Season 1: What’s Going On?","11/2/19"
"Sense8: Season 1: Smart Money Is on the Skinny Bitch","11/2/19"
"Sense8: Season 1: I Am Also a We","11/2/19"
"Sense8: Season 1: Limbic Resonance","11/2/19"
"Big Mouth: Season 3: Super Mouth","11/1/19"
"Big Mouth: Season 3: Disclosure the Movie: The Musical!","10/31/19"
"Big Mouth: Season 3: The ASSes","10/31/19"
"Big Mouth: Season 3: Rankings","10/30/19"
"Big Mouth: Season 3: Duke","10/29/19"
"Big Mouth: Season 3: How To Have An Orgasm","10/27/19"
"Big Mouth: Season 3: Florida","10/27/19"
"The Dragon Prince: Season 2: Breathe","10/20/19"
"The Dragon Prince: Season 2: The Book of Destiny","10/20/19"
"The Dragon Prince: Season 2: Fire and Fury","10/20/19"
"The Dragon Prince: Season 2: Heart of a Titan","10/20/19"
"The Dragon Prince: Season 2: Breaking the Seal","10/20/19"
"The Dragon Prince: Season 2: Voyage of the Ruthless","10/20/19"
"The Dragon Prince: Season 2: Smoke and Mirrors","10/20/19"
"She-Ra and the Princesses of Power: Season 3: The Portal","10/19/19"
"She-Ra and the Princesses of Power: Season 3: Remember","10/19/19"
"She-Ra and the Princesses of Power: Season 3: Moment of Truth","10/18/19"
"She-Ra and the Princesses of Power: Season 3: Once Upon a Time in the Waste","10/18/19"
"She-Ra and the Princesses of Power: Season 3: Huntara","10/18/19"
"She-Ra and the Princesses of Power: Season 3: The Price of Power","10/18/19"
"She-Ra and the Princesses of Power: Season 2: Reunion","10/18/19"
"She-Ra and the Princesses of Power: Season 2: Light Spinner","10/18/19"
"She-Ra and the Princesses of Power: Season 2: White Out","10/18/19"
"She-Ra and the Princesses of Power: Season 2: Roll With It","10/18/19"
"She-Ra and the Princesses of Power: Season 2: Signals","10/18/19"
"She-Ra and the Princesses of Power: Season 2: Ties That Bind","10/18/19"
"Big Mouth: Season 3: Obsessed","10/16/19"
"Big Mouth: Season 3: Cellsea","10/16/19"
"Big Mouth: Season 3: Girls Are Angry Too","10/16/19"
"She-Ra and the Princesses of Power: Season 2: The Frozen Forest","10/15/19"
"The Dragon Prince: Season 2: Half Moon Lies","10/15/19"
"Disenchantment: Part 2: Tiabeanie Falls","10/13/19"
"Disenchantment: Part 2: The Electric Princess","10/13/19"
"Disenchantment: Part 2: In Her Own Write","10/13/19"
"Disenchantment: Part 2: Love's Slimy Embrace","10/13/19"
"Disenchantment: Part 2: The Dreamland Job","10/13/19"
"Disenchantment: Part 2: Our Bodies, Our Elves","10/13/19"
"Disenchantment: Part 2: The Lonely Heart Is a Hunter","10/13/19"
"Disenchantment: Part 2: The Very Thing","10/13/19"
"Disenchantment: Part 2: Stairway to Hell","10/13/19"
"Disenchantment: Part 2: The Disenchantress","10/13/19"
"New Girl: Season 7: About Three Years Later","10/8/19"
"Patriot Act with Hasan Minhaj: Volume 4: The Two Sides of Canada","9/23/19"
"Better Than Us: Episode 6","9/19/19"
"Comedians in Cars Getting Coffee: New 2018: Freshly Brewed: Hasan Minhaj: Nobody Cries At A Joke","9/15/19"
"Invader Zim: Enter the Florpus","9/9/19"
"Comedians in Cars Getting Coffee: Special Blend: Jon Stewart: The Sound Of Virginity","9/3/19"
"Comedians in Cars Getting Coffee: Special Blend: Amy Schumer: I'm Wondering What It's Like To Date Me","9/3/19"
"Comedians in Cars Getting Coffee: First Cup: Jim Carrey: We Love Breathing What You're Burning, Baby","9/3/19"
"The Good Place: Season 3: Everything is Bonzer","9/3/19"
"The Good Place: Season 2: Janet and Michael","9/3/19"
"Patriot Act with Hasan Minhaj: Volume 4: The Real Cost of Cruises","8/26/19"
"Patriot Act with Hasan Minhaj: Volume 4: Why Your Public Transportation Sucks","8/25/19"
"Travelers: Season 3: Protocol Omega","8/23/19"
"Travelers: Season 3: David","8/23/19"
"Travelers: Season 3: Archive","8/23/19"
"Travelers: Season 3: Trevor","8/23/19"
"Travelers: Season 3: Philip","8/23/19"
"Travelers: Season 3: Naomi","8/23/19"
"Travelers: Season 3: Perrow","8/23/19"
"Travelers: Season 3: Protocol 3","8/23/19"
"Travelers: Season 3: Yates","8/23/19"
"Travelers: Season 3: Ilsa","8/23/19"
"Travelers: Season 2: 001","8/23/19"
"Travelers: Season 2: Simon","8/23/19"
"Travelers: Season 2: 21C","8/23/19"
"Travelers: Season 2: Update","8/23/19"
"Travelers: Season 2: Traveler 0027","8/22/19"
"Travelers: Season 2: 17 Minutes","8/22/19"
"Patriot Act with Hasan Minhaj: Volume 4: Fentanyl","8/15/19"
"Travelers: Season 2: U235","8/13/19"
"Travelers: Season 2: Jenny","8/13/19"
"Travelers: Season 2: 11:27","8/13/19"
"Travelers: Season 2: Jacob","8/13/19"
"Travelers: Season 2: PROTOCOL 4","8/13/19"
"Travelers: Season 2: Ave Machina","8/13/19"
"Travelers: Season 1: Grace","8/12/19"
"Travelers: Season 1: Marcy","8/12/19"
"Travelers: Season 1: Kathryn","8/12/19"
"Travelers: Season 1: Bishop","8/12/19"
"Travelers: Season 1: Donner","8/12/19"
"Travelers: Season 1: Protocol 5","8/11/19"
"Travelers: Season 1: Helios 685","8/11/19"
"Travelers: Season 1: Room 101","8/11/19"
"Travelers: Season 1: Hall","8/11/19"
"Travelers: Season 1: Aleksander","8/11/19"
"Travelers: Season 1: Protocol 6","8/11/19"
"Travelers: Season 1: Pilot","8/11/19"
"BoJack Horseman: Season 4: Hooray! Todd Episode!","8/11/19"
"BoJack Horseman: Season 4: The Old Sugarman Place","8/11/19"
"BoJack Horseman: Season 5: The Light Bulb Scene","8/11/19"
"I Am Mother","8/10/19"
"Patriot Act with Hasan Minhaj: Volume 4: The Dark Side of the Video Game Industry","8/5/19"
"Another Life: Season 1: A Mind of its Own","8/2/19"
"Another Life: Season 1: Guilt Trip","8/2/19"
"Another Life: Season 1: Nervous Breakdown","8/2/19"
"Stranger Things: Stranger Things 3: Chapter Eight: The Battle of Starcourt","7/29/19"
"Stranger Things: Stranger Things 3: Chapter Seven: The Bite","7/29/19"
"Stranger Things: Stranger Things 3: Chapter Six: E Pluribus Unum","7/29/19"
"Stranger Things: Stranger Things 3: Chapter Five: The Flayed","7/29/19"
"Patriot Act with Hasan Minhaj: Volume 3: Why Your Internet Sucks","7/19/19"
"Dark: Season 1: Lies","7/15/19"
"Anon","7/15/19"
"Ex Machina","7/14/19"
"Aggretsuko: Season 2: Wonderful Life","7/10/19"
"Aggretsuko: Season 2: She's Dreaming","7/10/19"
"Aggretsuko: Season 2: He Lives Above the Clouds","7/10/19"
"Aggretsuko: Season 2: Growing Affection","7/10/19"
"Aggretsuko: Season 2: Unknown Future","7/10/19"
"Aggretsuko: Season 2: United Front","7/10/19"
"Stranger Things: Stranger Things 3: Chapter Four: The Sauna Test","7/6/19"
"Stranger Things: Stranger Things 3: Chapter Three: The Case of the Missing Lifeguard","7/6/19"
"Stranger Things: Stranger Things 3: Chapter Two: The Mall Rats","7/6/19"
"Stranger Things: Stranger Things 3: Chapter One: Suzie, Do You Copy?","7/6/19"
"Stranger Things: Stranger Things 2: Chapter Four: Will the Wise","7/6/19"
"Aggretsuko: Season 2: Unavoidable Impact","7/4/19"
"Aggretsuko: Season 2: Double Moratorium","7/4/19"
"Aggretsuko: Season 2: The New Hire Named Anai","7/4/19"
"Aggretsuko: Season 2: Time to Grow Up","7/3/19"
"Aggretsuko: Season 1: A Good, Hard-working Girl","7/3/19"
"Black Mirror: Season 4: USS Callister","6/16/19"
"Black Mirror: Season 5: Smithereens","6/16/19"
"Black Mirror: Season 5: Rachel, Jack and Ashley Too","6/16/19"
"Black Mirror: Season 5: Striking Vipers","6/16/19"
"Patriot Act with Hasan Minhaj: Volume 3: Protests in Sudan","6/11/19"
"Easy: Season 3: She's Back","6/11/19"
"Easy: Season 3: Low Rolling Boil","6/11/19"
"Easy: Season 3: Number One Seller","6/9/19"
"Easy: Season 3: Blank Pages","6/8/19"
"Easy: Season 3: Swipe Left","6/8/19"
"Easy: Season 3: Yes","6/8/19"
"Easy: Season 3: Spontaneous Combustion","6/8/19"
"Easy: Season 3: Private Eyes","6/8/19"
"Patriot Act with Hasan Minhaj: Volume 3: Indian Elections Update and the 1MDB Scandal","6/5/19"
"Easy: Season 3: Swipe Right","5/28/19"
"Easy: Season 2: Baby Steps","5/28/19"
"Patriot Act with Hasan Minhaj: Volume 3: Cricket Corruption","5/28/19"
"Easy: Season 2: Lady Cha Cha","5/26/19"
"Easy: Season 2: Prodigal Daughter","5/26/19"
"Easy: Season 2: Conjugality","5/26/19"
"Easy: Season 2: Spent Grain","5/26/19"
"Easy: Season 2: Side Hustle","5/26/19"
"Easy: Season 2: Open Marriage","5/26/19"
"Easy: Season 2: Package Thief","5/26/19"
"Easy: Season 1: Hop Dreams","5/26/19"
"Easy: Season 1: Chemistry Read","5/26/19"
"Easy: Season 1: Utopia","5/26/19"
"Easy: Season 1: Art and Life","5/26/19"
"Imposters: Season 2: See You Soon, Macaroon","5/25/19"
"Imposters: Season 2: The World Needs Heroes. Over.","5/25/19"
"Imposters: Season 2: Phase Two Sucks","5/25/19"
"Easy: Season 1: Controlada","5/20/19"
"Easy: Season 1: Brewery Brothers","5/19/19"
"Easy: Season 1: Vegan Cinderella","5/19/19"
"Easy: Season 1: The F**king Study","5/19/19"
"Patriot Act with Hasan Minhaj: Volume 3: The NRA's Global Impact","5/19/19"
"Patriot Act with Hasan Minhaj: Volume 3: Brazil, Corruption and the Rainforest","5/17/19"
"Imposters: Season 2: Maid Marian on Her Tip-Toed Feet","5/9/19"
"Imposters: Season 2: That’s Enough. Off You Go.","5/9/19"
"Imposters: Season 2: Maybe/Definitely","5/5/19"
"Imposters: Season 2: Andiamo","5/5/19"
"Imposters: Season 2: Old Unresolved Sh*t","5/5/19"
"Imposters: Season 2: Trouble Maybe","5/4/19"
"Imposters: Season 2: Fillion Bollar King","5/4/19"
"Imposters: Always Forward, Never Back","5/4/19"
"Imposters: Ladies and Gentlemen, the Doctor Is In","5/3/19"
"Imposters: In the Game","5/3/19"
"Imposters: Frog-Bikini-Eiffel Tower","5/3/19"
"Imposters: The Maddie Code","5/3/19"
"Imposters: Is a Shark Good or Bad?","5/3/19"
"Imposters: Cohen. Lenny Cohen.","5/3/19"
"Imposters: We Wanted Every Lie","5/3/19"
"Imposters: My Balls, Dickhead","5/3/19"
"Imposters: My So-Called Wife","5/3/19"
"Gilmore Girls: Season 1: Pilot","4/26/19"
"Crazy Ex-Girlfriend: Josh Just Happens to Live Here!","4/23/19"
"Sex Education: Season 1: Episode 8","4/20/19"
"Sex Education: Season 1: Episode 7","4/20/19"
"Sex Education: Season 1: Episode 6","4/20/19"
"Sex Education: Season 1: Episode 5","4/20/19"
"Sex Education: Season 1: Episode 4","4/20/19"
"Sex Education: Season 1: Episode 3","4/20/19"
"Sex Education: Season 1: Episode 2","4/19/19"
"Sex Education: Season 1: Episode 1","4/19/19"
"Adam Ruins Everything: Collection: Adam Ruins Going Green","4/16/19"
"Adam Ruins Everything: Collection: Adam Ruins Christmas","4/16/19"
"Adam Ruins Everything: Collection: Adam Ruins Justice","4/16/19"
"Adam Ruins Everything: Collection: Adam Ruins the Internet","4/16/19"
"Adam Ruins Everything: Collection: Adam Ruins the Wild West","4/16/19"
"Adam Ruins Everything: Collection: Adam Ruins Prison","4/16/19"
"Adam Ruins Everything: Collection: Adam Ruins Drugs","4/15/19"
"Adam Ruins Everything: Collection: Adam Ruins Housing","4/15/19"
"Adam Ruins Everything: Collection: Adam Ruins Immigration","4/15/19"
"Adam Ruins Everything: Collection: Adam Ruins Shopping Malls","4/15/19"
"Adam Ruins Everything: Collection: Adam Ruins Weddings","4/15/19"
"Adam Ruins Everything: Collection: Adam Ruins Football","4/15/19"
"Patriot Act with Hasan Minhaj: Volume 2: Indian Elections","4/15/19"
"Adam Ruins Everything: Collection: Adam Ruins Hollywood","4/15/19"
"Adam Ruins Everything: Collection: Adam Ruins Death","4/15/19"
"Adam Ruins Everything: Collection: Adam Ruins Sex","4/14/19"
"Adam Ruins Everything: Collection: Adam Ruins Voting","4/14/19"
"Adam Ruins Everything: Collection: Adam Ruins Hygiene","4/14/19"
"Adam Ruins Everything: Collection: Adam Ruins Restaurants","4/13/19"
"Aggretsuko: Season 1: A Day in the Life of Retsuko","4/13/19"
"Adam Ruins Everything: Collection: Adam Ruins Security","4/8/19"
"Adam Ruins Everything: Collection: Adam Ruins Giving","4/8/19"
"Aggretsuko: We Wish You a Metal Christmas","4/7/19"
"Aggretsuko: Season 1: The Dream Ends","4/7/19"
"Aggretsuko: Season 1: A Rosy World","4/7/19"
"Aggretsuko: Season 1: The Out of Pocket Prince","4/7/19"
"Aggretsuko: Season 1: The Duel","4/7/19"
"Aggretsuko: Season 1: Stoking Rebellion","4/7/19"
"Aggretsuko: Season 1: Exposed","4/7/19"
"Aggretsuko: Season 1: Walking Down the Aisle","4/7/19"
"Aggretsuko: Season 1: Short-timer","4/7/19"
"Happy!: I Am the Future","4/6/19"
"Happy!: Destroyer of Worlds","4/6/19"
"Happy!: The Scrapyard of Childish Things","4/6/19"
"Happy!: White Sauce? Hot Sauce?","4/6/19"
"Happy!: Year of the Horse","4/6/19"
"Happy!: When Christmas Was Christmas","4/6/19"
"Happy!: What Smiles Are For","4/6/19"
"After Life: Season 1: Episode 3","3/24/19"
"After Life: Season 1: Episode 2","3/24/19"
"After Life: Season 1: Episode 1","3/23/19"
"One Strange Rock: Gasp","3/23/19"
"Happy!: Saint Nick","3/21/19"
"The Umbrella Academy: Season 1: The White Violin","3/12/19"
"Patriot Act with Hasan Minhaj: Volume 2: Hip-hop and Streaming","3/11/19"
"The Umbrella Academy: Season 1: Changes","3/10/19"
"The Umbrella Academy: Season 1: I Heard a Rumor","3/10/19"
"The Umbrella Academy: Season 1: The Day That Was","3/9/19"
"The Umbrella Academy: Season 1: The Day That Wasn't","3/9/19"
"The Umbrella Academy: Season 1: Number Five","3/9/19"
"The Umbrella Academy: Season 1: Man on the Moon","3/9/19"
"Patriot Act with Hasan Minhaj: Volume 2: Drug Pricing","3/8/19"
"The Umbrella Academy: Season 1: Extra Ordinary","3/8/19"
"The Umbrella Academy: Season 1: Run Boy Run","3/8/19"
"The Umbrella Academy: Season 1: We Only See Each Other at Weddings and Funerals","3/7/19"
"Patriot Act with Hasan Minhaj: Volume 2: Student Loans","3/7/19"
"Patriot Act with Hasan Minhaj: Volume 2: Civil Rights Under Trump","3/6/19"
"The Dragon Prince: Season 2: A Secret and a Spark","2/16/19"
"FYRE: The Greatest Party That Never Happened","2/14/19"
"Big Mouth: Season 3: My Furry Valentine","2/14/19"
"She-Ra and the Princesses of Power: Season 1: The Battle of Bright Moon","2/11/19"
"She-Ra and the Princesses of Power: Season 1: Light Hope","2/11/19"
"She-Ra and the Princesses of Power: Season 1: Promise","2/11/19"
"She-Ra and the Princesses of Power: Season 1: The Beacon","2/11/19"
"Patriot Act with Hasan Minhaj: Volume 2: Censorship in China","2/11/19"
"Friends from College: Season 2: The Wedding","2/7/19"
"Friends from College: Season 2: Fireworks","2/7/19"
"Friends from College: Season 2: Free Fall","2/7/19"
"Friends from College: Season 2: Old Habits","2/5/19"
"Friends from College: Season 2: The Bachelor Party","2/5/19"
"Friends from College: Season 2: Out All Night","2/5/19"
"Friends from College: Season 2: Storage Unit","2/5/19"
"Friends from College: Season 2: The Engagement Party","2/3/19"
"Friends from College: Season 1: A Night of Surprises","2/3/19"
"Friends from College: Season 1: Grand Cayman","2/3/19"
"Friends from College: Season 1: Second Wedding","2/3/19"
"Friends from College: Season 1: Welcome to New York","2/3/19"
"Friends from College: Season 1: Party Bus","1/29/19"
"Friends from College: Season 1: Mission Impossible","1/29/19"
"Friends from College: Season 1: All-Nighter","1/21/19"
"Friends from College: Season 1: Connecticut House","1/21/19"
"Hilda: Season 1: Chapter 13: The Black Hound","1/19/19"
"Hilda: Season 1: Chapter 12: The Nisse","1/19/19"
"Hilda: Season 1: Chapter 11: The House in the Woods","1/19/19"
"Explained: Season 1: Music","1/19/19"
"Sick Note: Season 2: Operation Thunderbolt","1/13/19"
"Sick Note: Season 2: The Loneliness of the Middle Distance Runner","1/13/19"
"Sick Note: Season 2: My Two Dads","1/13/19"
"Sick Note: Season 2: Constable Polly","1/13/19"
"The Good Place: Season 2: The Trolley Problem","1/12/19"
"Patriot Act with Hasan Minhaj: Volume 1: Oil","1/12/19"
"BoJack Horseman: Season 5: The Stopped Show","12/10/18"
"Sick Note: Season 2: Breaking Bad","12/6/18"
"Sick Note: Season 2: Stay Hydrated","12/6/18"
"Sick Note: Season 2: New Balls","12/6/18"
"Sick Note: Season 2: Frantisek Kotzwara","12/6/18"
"Sick Note: Chicken Soup","12/6/18"
"Patriot Act with Hasan Minhaj: Volume 1: Content Moderation and Free Speech","12/6/18"
"Sick Note: Airplane Mode","11/29/18"
"Sick Note: The Golden Grain","11/29/18"
"Sick Note: Janina Kolkiewicz","11/29/18"
"Sick Note: Playing Ball","11/29/18"
"Sick Note: Queen of Hearts","11/29/18"
"Patriot Act with Hasan Minhaj: Volume 1: Immigration Enforcement","11/29/18"
"Patriot Act with Hasan Minhaj: Volume 1: Supreme","11/29/18"
"Hilda: Season 1: Chapter 10: The Storm","11/27/18"
"Hilda: Season 1: Chapter 9: The Ghost","11/27/18"
"Hilda: Season 1: Chapter 8: The Tide Mice","11/27/18"
"Hilda: Season 1: Chapter 6: The Nightmare Spirit","11/27/18"
"Hilda: Season 1: Chapter 2: The Midnight Giant","11/27/18"
"She-Ra and the Princesses of Power: Season 1: No Princess Left Behind","11/27/18"
"She-Ra and the Princesses of Power: Season 1: Princess Prom","11/27/18"
"Hilda: Season 1: Chapter 7: The Lost Clan","11/26/18"
"Hilda: Season 1: Chapter 5: The Troll Rock","11/26/18"
"She-Ra and the Princesses of Power: Season 1: In the Shadows of Mystacor","11/26/18"
"She-Ra and the Princesses of Power: Season 1: System Failure","11/26/18"
"She-Ra: Battle for Bright Moon","11/26/18"
"She-Ra: Into Etheria","11/26/18"
"Hilda: Season 1: Chapter 4: The Sparrow Scouts","11/25/18"
"Hilda: Season 1: Chapter 3: The Bird Parade","11/25/18"
"Hilda: Season 1: Chapter 1: The Hidden People","11/21/18"
"Bodyguard: Episode 6","11/18/18"
"Bodyguard: Episode 5","11/17/18"
"Bodyguard: Episode 4","11/14/18"
"Bodyguard: Episode 3","11/14/18"
"Bodyguard: Episode 2","11/13/18"
"Bodyguard: Episode 1","11/13/18"
" : Episode 1","11/13/18"
"A.I.C.O.: Reincarnation","11/13/18"
"A.I.C.O.: Devotion","11/13/18"
"A.I.C.O.: Volition","11/13/18"
"A.I.C.O.: Truth","11/13/18"
"A.I.C.O.: Way","11/12/18"
"A.I.C.O.: Breakthrough","11/12/18"
"A.I.C.O.: Awakening","11/12/18"
"A.I.C.O.: Memory","11/12/18"
"A.I.C.O.: Encounter","11/12/18"
"A.I.C.O.: Decision","11/12/18"
"A.I.C.O.: Target","11/12/18"
"A.I.C.O.: Contact","11/12/18"
"Follow This: Part 3: Scooter Wars","11/12/18"
"Follow This: Part 3: Gánster Rap","11/12/18"
"Follow This: Part 3: India's Utopia","11/12/18"
"Follow This: Part 3: Superbug Snipers","11/12/18"
"Sword Art Online: Sword Art Online II: Mother's Rosario","11/12/18"
"Sword Art Online: Sword Art Online II: The Dream Begins","11/12/18"
"Sword Art Online: Sword Art Online II: The End of the Journey","11/12/18"
"Sword Art Online: Sword Art Online II: The Monument of the Swordsmen","11/11/18"
"Sword Art Online: Sword Art Online II: Sleeping Knights","11/11/18"
"Sword Art Online: Sword Art Online II: Zekken","11/10/18"
"Follow This: Part 3: Sexbots","11/10/18"
"Follow This: Part 3: Cover-up Couture","11/2/18"
"Sword Art Online: Sword Art Online II: House in the Forest","10/31/18"
"Sword Art Online: Sword Art Online II: Excalibur","10/31/18"
"Sword Art Online: Sword Art Online II: King of the Giants","10/30/18"
"Sword Art Online: Sword Art Online II: Queen of the Lake","10/30/18"
"Sword Art Online: Sword Art Online II: Debriefing","10/30/18"
"Sword Art Online: Sword Art Online II: One Small Step","10/30/18"
"Sword Art Online: Sword Art Online II: Phantom Bullet","10/30/18"
"Sword Art Online: Sword Art Online II: Bullet of a Phantom","10/30/18"
"Sword Art Online: Sword Art Online II: What It Means to Be Strong","10/30/18"
"Sword Art Online: Sword Art Online II: Death Chaser","10/30/18"
"Sword Art Online: Sword Art Online II: Death Gun","10/30/18"
"Sword Art Online: Sword Art Online II: Bullet of Bullets","10/30/18"
"Sword Art Online: Sword Art Online II: Crimson Memories","10/30/18"
"Sword Art Online: Sword Art Online II: Showdown in the Wilderness","10/30/18"
"Sword Art Online: Sword Art Online II: Guns and Swords","10/30/18"
"Sword Art Online: Sword Art Online II: GGO","10/30/18"
"Sword Art Online: Sword Art Online II: Memories of Fresh Blood","10/29/18"
"Sword Art Online: Sword Art Online II: Cold-Hearted Sniper","10/29/18"
"Sword Art Online: Sword Art Online II: The World of Guns","10/29/18"
"Sword Art Online: The World Seed","10/29/18"
"Sword Art Online: Gilded Hero","10/29/18"
"Sword Art Online: Bonds","10/29/18"
"Sword Art Online: The Grand Quest","10/29/18"
"Sword Art Online: The Truth About Alfheim","10/28/18"
"Sword Art Online: General of the Blazing Flame","10/28/18"
"Sword Art Online: The Legrue Corridor","10/28/18"
"Sword Art Online: To the World Tree","10/28/18"
"Sword Art Online: Captive Queen","10/28/18"
"Sword Art Online: Land of the Fairies","10/28/18"
"Sword Art Online: Return","10/28/18"
"Sword Art Online: The End of the World","10/28/18"
"Sword Art Online: Edge of Hell's Abyss","10/28/18"
"Sword Art Online: Yui's Heart","10/28/18"
"Sword Art Online: The Girl of Morning Dew","10/28/18"
"Sword Art Online: Crimson Killing Intent","10/28/18"
"Sword Art Online: The Blue-Eyed Demon","10/28/18"
"Sword Art Online: The Sword Dance of Black and White","10/28/18"
"Sword Art Online: The Temperature of the Heart","10/28/18"
"Sword Art Online: Illusionary Avenger","10/28/18"
"Sword Art Online: Murder in the Safe Zone","10/28/18"
"Sword Art Online: The Black Swordsman","10/27/18"
"Sword Art Online: The Red-Nosed Reindeer","10/27/18"
"Sword Art Online: Beater","10/27/18"
"Sword Art Online: The World of Swords","10/27/18"
"Puella Magi Madoka Magica: My Very Best Friend","10/27/18"
"Puella Magi Madoka Magica: The Only Thing I Have Left to Guide Me","10/27/18"
"Puella Magi Madoka Magica: I Won't Rely on Anyone Anymore","10/27/18"
"Puella Magi Madoka Magica: I'd Never Allow That to Happen","10/27/18"
"Puella Magi Madoka Magica: I Was Stupid... So Stupid","10/26/18"
"Puella Magi Madoka Magica: Can You Face Your True Feelings?","10/26/18"
"The Curious Creations of Christine McConnell: Snacks for Strays","10/24/18"
"Puella Magi Madoka Magica: This Just Can't Be Right","10/23/18"
"Puella Magi Madoka Magica: There's No Way I'll Ever Regret It","10/23/18"
"Puella Magi Madoka Magica: Miracles and Magic Are Real","10/23/18"
"Puella Magi Madoka Magica: I'm Not Afraid of Anything Anymore","10/23/18"
"Puella Magi Madoka Magica: That Would Be Truly Wonderful","10/23/18"
"Puella Magi Madoka Magica: I First Met Her in a Dream... or Something","10/22/18"
"Follow This: Part 2: Rehab Tourism","10/21/18"
"Follow This: Part 2: A Deadly Prank","10/21/18"
"Hold the Dark","10/20/18"
"Follow This: Part 2: Whose Embryos?","10/18/18"
"Follow This: Part 2: Amish Romance","10/18/18"
"Atypical: Season 2: Ernest Shackleton's Rules for Survival","10/18/18"
"The Good Place: Season 2: Existential Crisis","10/18/18"
"The Good Place: Season 2: Team Cockroach","10/18/18"
"The Good Place: Season 2: Dance Dance Resolution","10/18/18"
"Big Mouth: Season 2: The Department of Puberty","10/12/18"
"Big Mouth: Season 2: Smooch or Share","10/12/18"
"Big Mouth: Season 2: Dark Side of the Boob","10/12/18"
"Big Mouth: Season 1: Ejaculation","10/12/18"
"The Good Place: Season 2: Everything Is Great!","10/9/18"
"Explained: Season 1: The Racial Wealth Gap","10/8/18"
"Explained: Season 1: Designer DNA","10/8/18"
"Explained: Season 1: Monogamy","10/8/18"
"Big Mouth: Season 2: Guy Town","10/8/18"
"Big Mouth: Season 2: Drug Buddies","10/8/18"
"Big Mouth: Season 2: The Planned Parenthood Show","10/8/18"
"Big Mouth: Season 2: Steve the Virgin","10/8/18"
"Big Mouth: Season 2: The Shame Wizard","10/8/18"
"Big Mouth: Season 2: What Is It About Boobs?","10/8/18"
"Big Mouth: Season 2: Am I Normal?","10/8/18"
"Atypical: Season 2: Ritual-licious","10/6/18"
"Atypical: Season 2: Living at an Angle","10/5/18"
"Atypical: Season 2: The Smudging","10/5/18"
"Atypical: Season 2: In the Dragon's Lair","10/5/18"
"Atypical: Season 2: The Egg Is Pipping","10/5/18"
"Atypical: Season 2: Pants on Fire","10/5/18"
"Atypical: Season 2: Little Dude and the Lion","10/5/18"
"Atypical: Season 2: Penguin Cam and Chill","10/4/18"
"Atypical: Season 2: Juiced!","10/4/18"
"Follow This: Part 2: Bollywood Beauty","10/4/18"
"Follow This: Part 2: Teen Boss","10/4/18"
"Follow This: Part 2: Tech Addict","10/4/18"
"Sisters: Episode 7","10/3/18"
"Sisters: Episode 6","10/2/18"
"Sisters: Episode 5","10/2/18"
"Sisters: Episode 4","10/2/18"
"Sisters: Episode 3","9/29/18"
"The Dragon Prince: Season 1: Wonderstorm","9/27/18"
"The Dragon Prince: Season 1: Cursed Caldera","9/27/18"
"The Dragon Prince: Season 1: The Dagger and the Wolf","9/27/18"
"The Dragon Prince: Season 1: Through the Ice","9/27/18"
"The Dragon Prince: Season 1: An Empty Throne","9/27/18"
"The Dragon Prince: Season 1: Bloodthirsty","9/27/18"
"The Dragon Prince: Season 1: Moonrise","9/27/18"
"The Dragon Prince: Season 1: What Is Done","9/27/18"
"The Dragon Prince: Season 1: Echoes of Thunder","9/26/18"
"Sisters: Episode 2","9/19/18"
"Atypical: Season 1: The Silencing Properties of Snow","9/15/18"
"Atypical: Season 1: I Lost My Poor Meatball","9/15/18"
"Atypical: Season 1: The D-Train to Bone Town","9/15/18"
"Atypical: Season 1: That’s My Sweatshirt","9/15/18"
"Atypical: Season 1: A Nice Neutral Smell","9/15/18"
"Atypical: Season 1: Julia Says","9/15/18"
"Atypical: Season 1: A Human Female","9/15/18"
"Atypical: Season 1: Antarctica","9/15/18"
" : Episode 1","9/14/18"
"Explained: Season 1: The World's Water Crisis","9/14/18"
"Follow This: Part 1: The Internet Whisperers","9/12/18"
"Sisters: Episode 1","9/10/18"
"New Girl: Season 6: Five Stars for Beezus","9/10/18"
"New Girl: Season 6: San Diego","9/10/18"
"New Girl: Season 6: Misery","9/10/18"
"New Girl: Season 6: Socalyalcon VI","9/10/18"
"New Girl: Season 6: Young Adult","9/6/18"
"New Girl: Season 6: Rumspringa","9/6/18"
"Explained: Season 1: K-Pop","9/6/18"
"Explained: Season 1: Why Women Are Paid Less","9/6/18"
"The Break with Michelle Wolf: I Pledge Allegiance","9/4/18"
"New Girl: Season 6: Operation: Bobcat","9/4/18"
"New Girl: Season 6: Glue","9/4/18"
"New Girl: Season 6: The Hike","9/4/18"
"New Girl: Season 6: Cece's Boys","9/4/18"
"New Girl: Season 6: The Cubicle","9/4/18"
"New Girl: Season 6: Raisin's Back","9/4/18"
"New Girl: Season 6: Christmas Eve Eve","9/4/18"
"New Girl: Season 6: Es Good","9/3/18"
"New Girl: Season 6: James Wonder","9/3/18"
"New Girl: Season 6: Last Thanksgiving","9/3/18"
"New Girl: Season 6: Ready","9/3/18"
"New Girl: Season 6: Jaipur Aviv","9/3/18"
"New Girl: Season 6: Homecoming","9/3/18"
"Explained: Season 1: Cryptocurrency","9/2/18"
"Explained: Season 1: Why Diets Fail","9/2/18"
"Paradise PD: Part 1: Christmas in Paradise","9/1/18"
"Paradise PD: Part 1: Parent Trap","9/1/18"
"Paradise PD: Part 1: Task Force","9/1/18"
"Paradise PD: Part 1: Police Academy","9/1/18"
"Paradise PD: Part 1: Meet the Jabowskis","9/1/18"
"Paradise PD: Part 1: Dungeons & Dragnet","9/1/18"
"Paradise PD: Part 1: Karla","9/1/18"
"Paradise PD: Part 1: Black & Blue","9/1/18"
"Paradise PD: Part 1: Ass on the Line","9/1/18"
"Paradise PD: Part 1: Welcome to Paradise","9/1/18"
"Explained: Season 1: The Stock Market","8/30/18"
"Explained: Season 1: eSports","8/30/18"
"Explained: Season 1: Extraterrestrial Life","8/30/18"
"Explained: Season 1: !","8/30/18"
"Explained: Season 1: Cricket","8/29/18"
"Explained: Season 1: The Female Orgasm","8/29/18"
"Explained: Season 1: Political Correctness","8/29/18"
"Explained: Season 1: Weed","8/29/18"
"Explained: Season 1: Tattoo","8/29/18"
"Explained: Season 1: Astrology","8/29/18"
"Explained: Season 1: Can We Live Forever?","8/29/18"
"The Innocents: Everything. Anything.","8/28/18"
"The Innocents: Will You Take Me Too?","8/28/18"
"The Innocents: Not the Only Freak in Town","8/25/18"
"The Innocents: Passionate Amateur","8/25/18"
"The Innocents: Deborah","8/25/18"
"The Innocents: Bubblegum & Bleach","8/25/18"
"The Innocents: Keep Calm, Come to No Harm","8/25/18"
"The Innocents: The Start of Us","8/25/18"
"Follow This: Part 1: The Future of Fakes","8/24/18"
"Follow This: Part 1: Whores Day","8/24/18"
"Follow This: Part 1: Life Support","8/24/18"
"Follow This: Part 1: Men's Rights","8/24/18"
"Follow This: Part 1: Intersex","8/24/18"
"Follow This: Part 1: Black Survivalists","8/24/18"
"Disenchantment: Part 1: Dreamland Falls","8/23/18"
"Disenchantment: Part 1: To Thine Own Elf Be True","8/23/18"
"Disenchantment: Part 1: Swamp and Circumstance","8/23/18"
"New Girl: Season 6: Single and Sufficient","8/23/18"
"New Girl: Season 6: Hubbedy Bubby","8/23/18"
"New Girl: Season 6: House Hunt","8/23/18"
"New Girl: Season 5: Landing Gear","8/23/18"
"Disenchantment: Part 1: Faster, Princess! Kill! Kill!","8/21/18"
"Disenchantment: Part 1: Castle Party Massacre","8/21/18"
"Disenchantment: Part 1: The Princess of Darkness","8/21/18"
"Disenchantment: Part 1: For Whom the Pig Oinks","8/20/18"
"Disenchantment: Part 1: A Princess, an Elf, and a Demon Walk Into a Bar","8/20/18"
"The Break with Michelle Wolf: How Dare You!?","8/14/18"
"The Break with Michelle Wolf: Sincere and Angry","8/14/18"
"New Girl: Season 5: Wedding Eve","8/14/18"
"New Girl: Season 5: Return to Sender","8/14/18"
"New Girl: Season 5: Dress","8/14/18"
"The Joel McHale Show with Joel McHale: Season 1 Part 1: Thank You, Lasagna","8/13/18"
"The Joel McHale Show with Joel McHale: Season 1 Part 1: The Ignored Handshake","8/13/18"
"The Joel McHale Show with Joel McHale: Season 1 Part 1: Coffee Is Delicious","8/13/18"
"The Joel McHale Show with Joel McHale: Season 1 Part 1: Roller Coaster?","8/13/18"
"The Joel McHale Show with Joel McHale: Season 1 Part 1: Dangerous Games","8/13/18"
"The Joel McHale Show with Joel McHale: Season 1 Part 1: Pizza Ghost","8/13/18"
"The Joel McHale Show with Joel McHale: Season 1 Part 1: Pickler, Pebbles, Pillows and Priestley","8/13/18"
"The Joel McHale Show with Joel McHale: Season 1 Part 2: We Spent All the Money","8/12/18"
"The Joel McHale Show with Joel McHale: Season 1 Part 2: Need Another Drink?","8/12/18"
"The Joel McHale Show with Joel McHale: Season 1 Part 2: The Best Damn Country in America","8/12/18"
"The Joel McHale Show with Joel McHale: Season 1 Part 2: Michael!","8/12/18"
"The Joel McHale Show with Joel McHale: Season 1 Part 2: Pink","8/12/18"
"The Joel McHale Show with Joel McHale: Season 1 Part 2: Begin the Binge","8/12/18"
"New Girl: Season 5: A Chill Day In","8/12/18"
"New Girl: Season 5: Road Trip","8/12/18"
"New Girl: Season 5: Helmet","8/12/18"
"New Girl: Season 5: Jeff Day","8/12/18"
"New Girl: Season 5: 300 Feet","8/11/18"
"New Girl: Season 5: Sam, Again","8/11/18"
"New Girl: Season 5: D-Day","8/11/18"
"The Break with Michelle Wolf: Wet Boys","8/7/18"
"The Break with Michelle Wolf: Bad Opinions","8/7/18"
"The Hollow: Season 1: Colrath","7/4/18"
"The Hollow: Season 1: Cocoon","7/4/18"
"The Hollow: Season 1: Ice","7/4/18"
"The Hollow: Season 1: The Riddle","7/4/18"
"The Hollow: Season 1: Undead","7/4/18"
"The Hollow: Season 1: Ishibo","7/4/18"
"The Hollow: Season 1: The Lighthouse","7/4/18"
"The Hollow: Season 1: Apocalypse","7/4/18"
"The Hollow: Season 1: The Desert","7/3/18"
"The Hollow: Season 1: The Room","7/3/18"
"New Girl: Season 5: The Apartment","6/20/18"
"New Girl: Season 5: Goosebumps Walkaway","6/13/18"
"New Girl: Season 5: Heat Wave","6/13/18"
"New Girl: Season 5: The Decision","6/13/18"
"New Girl: Season 5: Wig","6/13/18"
"A Series of Unfortunate Events: Season 1: The Bad Beginning: Part One","6/13/18"
"New Girl: Season 5: Reagan","6/12/18"
"New Girl: Season 5: Bob & Carol & Nick & Schmidt","6/12/18"
"New Girl: Season 5: No Girl","6/12/18"
"New Girl: Season 5: Jury Duty","6/12/18"
"New Girl: Season 5: What About Fred","6/11/18"
"New Girl: Season 5: Big Mama P","6/11/18"
"New Girl: Season 4: Clean Break","6/11/18"
"New Girl: Season 4: Panty Gate","6/11/18"
"New Girl: Season 4: Par 5","6/8/18"
"New Girl: Season 4: The Right Thing","6/8/18"
"New Girl: Season 4: Walk of Shame","6/8/18"
"New Girl: Season 4: Spiderhunt","6/7/18"
"New Girl: Season 4: Oregon","6/7/18"
"New Girl: Season 4: The Crawl","6/7/18"
"New Girl: Season 4: Swuit","6/7/18"
"New Girl: Season 4: Coming Out","6/5/18"
"New Girl: Season 4: Shark","6/5/18"
"The Break with Michelle Wolf: Strong Female Lead","6/4/18"
"The Break with Michelle Wolf: Be Honest","6/4/18"
"That '70s Show: Season 5: Ramble On","6/2/18"
"That '70s Show: Season 5: Heartbreaker","6/2/18"
"That '70s Show: Season 5: What Is and What Should Never Be","6/2/18"
"That '70s Show: Season 5: I Can't Quit You Baby","6/2/18"
"That '70s Show: Season 5: Going to California","6/2/18"
"New Girl: Season 4: LAXmas","6/2/18"
"New Girl: Season 4: Girl Fight","6/2/18"
"That '70s Show: Season 4: Love, Wisconsin Style","6/2/18"
"That '70s Show: Season 4: Everybody Loves Casey","6/2/18"
"That '70s Show: Season 4: Eric's False Alarm","6/2/18"
"That '70s Show: Season 4: That '70s Musical","6/2/18"
"New Girl: Season 4: Thanksgiving IV","6/1/18"
"New Girl: Season 4: Teachers","6/1/18"
"New Girl: Season 4: Goldmine","5/31/18"
"New Girl: Season 4: Background Check","5/31/18"
"New Girl: Season 4: Landline","5/31/18"
"New Girl: Season 4: Micro","5/31/18"
"That '70s Show: Season 4: Hyde's Birthday","5/28/18"
"That '70s Show: Season 4: Eric's Corvette Caper","5/28/18"
"That '70s Show: Season 4: Prank Day","5/28/18"
"That '70s Show: Season 4: Class Picture","5/28/18"
"That '70s Show: Season 4: Jackie's Cheese Squeeze","5/28/18"
"That '70s Show: Season 4: Leo Loves Kitty","5/28/18"
"That '70s Show: Season 4: Kelso's Career","5/24/18"
"New Girl: Season 4: Julie Berkman's Older Sister","5/24/18"
"New Girl: Season 4: Dice","5/24/18"
"That '70s Show: Season 4: Donna Dates a Kelso","5/24/18"
"That '70s Show: Season 4: Tornado Prom","5/24/18"
"That '70s Show: Season 4: Eric's Hot Cousin","5/24/18"
"That '70s Show: Season 4: Jackie Says Cheese","5/23/18"
"That '70s Show: Season 4: An Eric Forman Christmas","5/23/18"
"That '70s Show: Season 4: Third Wheel","5/23/18"
"That '70s Show: Season 4: Red & Stacey","5/23/18"
"That '70s Show: Season 4: The Forgotten Son","5/23/18"
"That '70s Show: Season 4: Donna's Story","5/23/18"
"That '70s Show: Season 4: Uncomfortable Ball Stuff","5/22/18"
"That '70s Show: Season 4: The Relapse","5/22/18"
"That '70s Show: Season 4: Bye-Bye Basement","5/22/18"
"That '70s Show: Season 4: Hyde Gets the Girl","5/22/18"
"That '70s Show: Season 4: Pinciotti vs. Forman","5/22/18"
"That '70s Show: Season 4: Eric's Depression","5/22/18"
"That '70s Show: Season 4: It's a Wonderful Life","5/22/18"
"That '70s Show: Season 3: Eric's Drunken Tattoo","5/22/18"
"That '70s Show: Season 3: Fez Dates Donna","5/22/18"
"That '70s Show: Season 3: Holy Craps","5/22/18"
"That '70s Show: Season 3: Eric's Naughty No-No","5/22/18"
"That '70s Show: Season 3: The Trials of M. Kelso","5/22/18"
"That '70s Show: Season 3: Kitty's Birthday (That's Today?!)","5/22/18"
"That '70s Show: Season 3: Romantic Weekend","5/22/18"
"That '70s Show: Season 3: Donna's Panties","5/22/18"
"New Girl: Season 4: The Last Wedding","5/22/18"
"New Girl: Season 3: Cruise","5/22/18"
"New Girl: Season 3: Dance","5/22/18"
"New Girl: Season 3: Big News","5/22/18"
"New Girl: Season 3: Mars Landing","5/22/18"
"New Girl: Season 3: Fired Up","5/21/18"
"New Girl: Season 3: Sister III","5/21/18"
"That '70s Show: Season 3: Radio Daze","5/20/18"
"That '70s Show: Season 3: Dine & Dash","5/20/18"
"That '70s Show: Season 3: Fez Gets the Girl","5/20/18"
"That '70s Show: Season 3: Who Wants it More?","5/17/18"
"That '70s Show: Season 3: Ice Shack","5/17/18"
"That '70s Show: Season 3: Hyde's Christmas Rager","5/17/18"
"New Girl: Season 3: Sister II","5/17/18"
"New Girl: Season 3: Sister","5/17/18"
"New Girl: Season 3: Exes","5/17/18"
"New Girl: Season 3: Prince","5/17/18"
"New Girl: Season 3: Birthday","5/17/18"
"New Girl: Season 3: Basketsball","5/17/18"
"New Girl: Season 3: Clavado En Un Bar","5/13/18"
"New Girl: Season 3: Thanksgiving III","5/13/18"
"New Girl: Season 3: Longest Night Ever","5/13/18"
"New Girl: Season 3: Menus","5/13/18"
"That '70s Show: Season 3: Jackie Bags Hyde","5/11/18"
"That '70s Show: Season 3: Baby Fever","5/11/18"
"That '70s Show: Season 3: Eric's Panties","5/11/18"
"That '70s Show: Season 3: Roller Disco","5/11/18"
"That '70s Show: Season 3: Too Old to Trick or Treat, Too Young to Die","5/11/18"
"That '70s Show: Season 3: Hyde's Father","5/11/18"
"That '70s Show: Season 3: Red Sees Red","5/11/18"
"That '70s Show: Season 3: Reefer Madness","5/11/18"
"That '70s Show: Season 2: Moon Over Point Place","5/11/18"
"BoJack Horseman Christmas Special: Sabrina's Christmas Wish","5/11/18"
"New Girl: Season 3: Coach","5/10/18"
"New Girl: Season 3: Keaton","5/10/18"
"New Girl: Season 3: The Box","5/9/18"
"New Girl: Season 3: The Captain","5/9/18"
"That '70s Show: Season 2: Cat Fight Club","5/9/18"
"New Girl: Season 3: Double Date","5/8/18"
"New Girl: Season 3: Nerd","5/8/18"
"New Girl: Season 3: All In","5/8/18"
"New Girl: Season 2: Elaine's Big Day","5/8/18"
"New Girl: Season 2: Winston's Birthday","5/8/18"
"That '70s Show: Season 2: Red Fired Up","5/8/18"
"That '70s Show: Season 2: Holy Crap!","5/8/18"
"New Girl: Season 2: Virgins","5/7/18"
"New Girl: Season 2: Bachelorette Party","5/7/18"
"New Girl: Season 2: First Date","5/7/18"
"New Girl: Season 2: Chicago","5/7/18"
"New Girl: Season 2: Quick Hardening Caulk","5/7/18"
"New Girl: Season 2: Tinfinity","5/7/18"
"New Girl: Season 2: Parking Spot","5/4/18"
"New Girl: Season 2: Table 34","5/4/18"
"New Girl: Season 2: Cooler","5/4/18"
"New Girl: Season 2: Pepperwood","5/4/18"
"New Girl: Season 2: A Father's Love","5/4/18"
"New Girl: Season 2: Cabin","5/3/18"
"New Girl: Season 2: Santa","5/3/18"
"New Girl: Season 2: Bathtub","5/3/18"
"That '70s Show: Season 2: Jackie Moves On","5/3/18"
"That '70s Show: Season 2: Kelso's Serenade","5/3/18"
"That '70s Show: Season 2: Kiss of Death","5/3/18"
"New Girl: Season 2: Eggs","5/2/18"
"New Girl: Season 2: Parents","5/2/18"
"New Girl: Season 2: Menzies","5/1/18"
"New Girl: Season 2: Halloween","5/1/18"
"New Girl: Season 2: Models","5/1/18"
"That '70s Show: Season 2: Parents Find Out","4/30/18"
"That '70s Show: Season 2: Kitty and Eric's Night Out","4/30/18"
"That '70s Show: Season 2: Afterglow","4/30/18"
"That '70s Show: Season 2: The First Time","4/30/18"
"That '70s Show: Season 2: Burning Down the House","4/29/18"
"That '70s Show: Season 2: Red Gets a Job","4/29/18"
"That '70s Show: Season 2: Hunting","4/29/18"
"That '70s Show: Season 2: Eric's Stash","4/29/18"
"That '70s Show: Season 2: Laurie Moves Out","4/29/18"
"That '70s Show: Season 2: Red's Birthday","4/29/18"
"The Rift: The Dark Side of the Moon","4/29/18"
"That '70s Show: Season 2: Eric Gets Suspended","4/28/18"
"That '70s Show: Season 2: Sleepover","4/28/18"
"That '70s Show: Season 2: I Love Cake","4/28/18"
"That '70s Show: Season 2: Vanstock","4/28/18"
"Despicable Me 3","4/28/18"
"That '70s Show: Season 2: Halloween","4/28/18"
"That '70s Show: Season 2: Laurie and the Professor","4/28/18"
"New Girl: Season 2: Neighbors","4/27/18"
"New Girl: Season 2: Fluffer","4/27/18"
"That '70s Show: Season 2: The Velvet Rope","4/27/18"
"New Girl: Season 2: Katie","4/26/18"
"New Girl: Season 2: Re-Launch","4/26/18"
"New Girl: See Ya","4/25/18"
"New Girl: Backslide","4/25/18"
"New Girl: Tomatoes","4/25/18"
"New Girl: Kids","4/25/18"
"New Girl: Normal","4/25/18"
"New Girl: Secrets","4/24/18"
"New Girl: Fancyman, Part 2","4/24/18"
"New Girl: Fancyman, Part 1","4/24/18"
"New Girl: Control","4/24/18"
"That '70s Show: Season 2: Red's Last Day","4/22/18"
"That '70s Show: Season 2: Garage Sale","4/22/18"
"That '70s Show: The Good Son","4/22/18"
"New Girl: Injured","4/21/18"
"New Girl: Bully","4/21/18"
"That '70s Show: Hyde Moves In","4/20/18"
"That '70s Show: Grandma's Dead","4/20/18"
"That '70s Show: Punk Chick","4/20/18"
"That '70s Show: Water Tower","4/20/18"
"New Girl: Valentine's Day","4/19/18"
"New Girl: The Landlord","4/19/18"
"New Girl: Jess and Julia","4/19/18"
"New Girl: The Story of the 50","4/19/18"
"New Girl: The 23rd","4/19/18"
"New Girl: Bad in Bed","4/18/18"
"New Girl: Bells","4/18/18"
"New Girl: Thanksgiving","4/18/18"
"New Girl: Cece Crashes","4/18/18"
"New Girl: Naked","4/18/18"
"New Girl: Wedding","4/18/18"
"New Girl: Kryptonite","4/16/18"
"New Girl: Pilot","4/16/18"
"The IT Crowd: Series 5: The Final Episode","4/16/18"
"The IT Crowd: Series 4: Reynholm vs Reynholm","4/16/18"
"The IT Crowd: Series 4: Bad Boys","4/16/18"
"Trailer Park Boys: Season 1: Take Your Little Gun and Get Out of My Trailer Park","4/14/18"
"That '70s Show: A New Hope","4/14/18"
"Moon","4/14/18"
"That '70s Show: Prom Night","4/14/18"
"That '70s Show: Career Day","4/14/18"
"That '70s Show: The Pill","4/14/18"
"That '70s Show: First Date","4/13/18"
"That '70s Show: That Wrestling Show","4/13/18"
"That '70s Show: Stolen Car","4/13/18"
"That '70s Show: Ski Trip","4/12/18"
"That '70s Show: The Best Christmas Ever","4/12/18"
"That '70s Show: Eric's Buddy","4/12/18"
"That '70s Show: Sunday, Bloody Sunday","4/12/18"
"That '70s Show: Thanksgiving","4/12/18"
"The IT Crowd: Series 4: Italian for Beginners","4/12/18"
"The IT Crowd: Series 4: Something Happened","4/12/18"
"That '70s Show: Drive-In","4/11/18"
"That '70s Show: That Disco Episode","4/11/18"
"That '70s Show: The Keg","4/11/18"
"That '70s Show: Eric's Burger Job","4/11/18"
"That '70s Show: Battle of the Sexists","4/11/18"
"That '70s Show: Streaking","4/11/18"
"That '70s Show: Eric's Birthday","4/10/18"
"That '70s Show: Pilot","4/10/18"
"The IT Crowd: Series 4: The Final Countdown","4/10/18"
"The IT Crowd: Series 4: Jen the Fredo","4/10/18"
"The IT Crowd: Series 3: Calendar Geeks","4/9/18"
"The IT Crowd: Series 3: Friendface","4/9/18"
"The IT Crowd: Series 3: The Speech","4/9/18"
"The IT Crowd: Series 3: Tramps Like Us","4/7/18"
"The IT Crowd: Series 3: Are We Not Men?","4/7/18"
"The IT Crowd: Series 3: From Hell","3/26/18"
"The IT Crowd: Series 2: Men Without Women","3/26/18"
"The IT Crowd: Series 2: Smoke and Mirrors","3/26/18"
"The IT Crowd: Series 2: The Dinner Party","3/23/18"
"The IT Crowd: Series 2: Return of the Golden Child","3/23/18"
"The IT Crowd: Series 2: The Work Outing","3/23/18"
"The IT Crowd: Aunt Irma Visits","3/22/18"
"The IT Crowd: The Haunting of Bill Crouse","3/22/18"
"The IT Crowd: The Red Door","3/14/18"
"The IT Crowd: Fifty-Fifty","3/14/18"
"Lady Dynamite: Season 2: Wet Raccoon","3/5/18"
"The IT Crowd: Calamity Jen","3/1/18"
"The IT Crowd: Yesterday's Jam","3/1/18"
"BoJack Horseman: Season 4: What Time Is It Right Now","2/21/18"
"BoJack Horseman: Season 4: Time's Arrow","2/21/18"
"BoJack Horseman: Season 4: lovin that cali lifestyle!!","2/21/18"
"BoJack Horseman: Season 4: Ruthie","2/21/18"
"BoJack Horseman: Season 4: The Judge","2/21/18"
"BoJack Horseman: Season 4: Underground","2/21/18"
"BoJack Horseman: Season 4: Stupid Piece of Sh*t","2/21/18"
"BoJack Horseman: Season 4: Thoughts and Prayers","2/21/18"
"BoJack Horseman: Season 4: Commence Fracking","2/21/18"
"BoJack Horseman: Season 4: See Mr. Peanutbutter Run","2/16/18"
"BoJack Horseman: Season 3: That Went Well","2/16/18"
"BoJack Horseman: Season 3: That's Too Much, Man!","2/16/18"
"BoJack Horseman: Season 3: It's You","2/16/18"
"BoJack Horseman: Season 3: Best Thing That Ever Happened","2/16/18"
"BoJack Horseman: Season 3: Old Acquaintance","2/16/18"
"BoJack Horseman: Season 3: Stop the Presses","2/16/18"
"BoJack Horseman: Season 3: Brrap Brrap Pew Pew","2/16/18"
"BoJack Horseman: Season 3: Love And/Or Marriage","2/16/18"
"BoJack Horseman: Season 3: Fish Out Of Water","2/15/18"
"BoJack Horseman: Season 3: BoJack Kills","2/15/18"
"BoJack Horseman: Season 3: The BoJack Horseman Show","2/15/18"
"BoJack Horseman: Season 3: Start Spreading the News","2/15/18"
"BoJack Horseman: Season 2: Out to Sea","2/15/18"
"BoJack Horseman: Season 2: Escape from L.A.","2/15/18"
"BoJack Horseman: Season 2: Yes And","2/15/18"
"BoJack Horseman: Season 2: The Shot","2/14/18"
"BoJack Horseman: Season 2: Let's Find Out","2/14/18"
"BoJack Horseman: Season 2: Hank After Dark","2/14/18"
"BoJack Horseman: Season 2: Higher Love","2/14/18"
"BoJack Horseman: Season 2: Chickens","2/14/18"
"BoJack Horseman: Season 2: After the Party","2/14/18"
"BoJack Horseman: Season 2: Still Broken","2/13/18"
"BoJack Horseman: Season 2: Yesterdayland","2/13/18"
"BoJack Horseman: Season 2: Brand New Couch","2/13/18"
"BoJack Horseman: Season 1: Later","2/13/18"
"BoJack Horseman: Season 1: Downer Ending","2/12/18"
"BoJack Horseman: Season 1: One Trick Pony","2/12/18"
"BoJack Horseman: Season 1: Horse Majeure","2/12/18"
"BoJack Horseman: Season 1: The Telescope","2/12/18"
"BoJack Horseman: Season 1: Say Anything","2/9/18"
"BoJack Horseman: Season 1: Our A-Story Is a 'D' Story","2/9/18"
"BoJack Horseman: Season 1: Live Fast, Diane Nguyen","2/9/18"
"BoJack Horseman: Season 1: Zoës and Zeldas","2/9/18"
"BoJack Horseman: Season 1: Prickly-Muffin","2/9/18"
"BoJack Horseman: Season 1: BoJack Hates the Troops","2/9/18"
"BoJack Horseman: Season 1: BoJack Horseman: The BoJack Horseman Story, Chapter One","2/9/18"
"Black Mirror: Season 3: Shut Up and Dance","1/23/18"
"Trailer Park Boys: Out of the Park: USA: Orlando 1","1/19/18"
"Haters Back Off: Season 2: broadway or buts","1/18/18"
"Haters Back Off: Season 2: my theem park","1/16/18"
"Haters Back Off: Season 2: makeen the news","1/16/18"
"Haters Back Off: Season 2: my 1rst bae","1/16/18"
"Haters Back Off: Season 2: Modelling at the Hospital","1/15/18"
"Haters Back Off: Season 2: Exposing My Impostr","1/15/18"
"Haters Back Off: Season 2: Getting Condomsated 4 My Ad","1/15/18"
"Haters Back Off: Season 2: im gunnna be an legend","1/15/18"
"Haters Back Off: Season 1: Uploding my Fist Video","1/15/18"
"Pacific Heat: A Return to Evil","1/15/18"
"Pacific Heat: A Deadly Grudge","1/15/18"
"Pacific Heat: Extreme Turbulence","1/15/18"
"Pacific Heat: A Deadly Deal","1/14/18"
"Pacific Heat: A Brush with Death","1/14/18"
"Pacific Heat: In the Wrong Hands","1/14/18"
"Pacific Heat: A Troublesome Guest","1/14/18"
"Pacific Heat: Married to Murder","1/14/18"
"Pacific Heat: The Face of Terror","1/14/18"
"Pacific Heat: The Science of Death","1/14/18"
"Pacific Heat: A Family Affair","1/14/18"
"Pacific Heat: Countdown to Death","1/14/18"
"Pacific Heat: A Dangerous Game","1/14/18"
"Portlandia: Season 2: Cat Nap","1/14/18"
"Unbreakable Kimmy Schmidt: Season 3: Kimmy Goes to Church!","1/14/18"
"Stranger Things: Stranger Things 2: Chapter Three: The Pollywog","12/8/17"
"Black Mirror: Season 3: San Junipero","12/8/17"
"Stranger Things: Stranger Things 2: Chapter Two: Trick or Treat, Freak","12/7/17"
"Stranger Things: Stranger Things 2: Chapter One: MADMAX","12/7/17"
"Archer: Season 7: Deadly Velvet: Part II","10/18/17"
"Archer: Season 7: Deadly Velvet: Part I","10/18/17"
"Archer: Season 7: Liquid Lunch","10/12/17"
"Archer: Season 7: Double Indecency","10/12/17"
"Archer: Season 7: Bel Panto: Part II","10/12/17"
"Archer: Season 7: Bel Panto: Part I","10/12/17"
"Archer: Season 7: Motherless Child","10/12/17"
"Archer: Season 7: The Figgis Agency","10/12/17"
"Archer: Season 6: Sitting","10/12/17"
"Archer: Season 6: Vision Quest","10/12/17"
"Archer: Season 6: Edie's Wedding","10/12/17"
"Archer: Season 6: The Archer Sanction","10/12/17"
"Archer: Season 6: Three to Tango","10/12/17"
"How I Met Your Mother: Season 7: The Rebound Girl","9/14/17"
"It's Always Sunny in Philadelphia: Season 10: The Gang Spies Like U.S.","9/11/17"
"Sausage Party","9/11/17"
"The Walking Dead: Season 1: Days Gone Bye","9/11/17"
"Bloodline: Season 1: Part 1","9/11/17"
"Black Mirror: Season 3: Playtest","9/9/17"
"Black Mirror: Season 3: Nosedive","9/7/17"
"Black Mirror: Season 3: Hated in the Nation","9/7/17"
"Black Mirror: Season 3: Men Against Fire","9/1/17"
" : Episode 1","8/10/17"
"House of Cards: Season 4: Chapter 40","8/5/17"
"Unbreakable Kimmy Schmidt: Season 3: Kimmy Does a Puzzle!","7/22/17"
"Unbreakable Kimmy Schmidt: Season 3: Kimmy Steps on a Crack!","7/22/17"
"Unbreakable Kimmy Schmidt: Season 3: Kimmy Goes to College!","7/20/17"
"Unbreakable Kimmy Schmidt: Season 3: Kimmy Can't Help You!","7/20/17"
"Unbreakable Kimmy Schmidt: Season 3: Kimmy's Roommate Lemonades!","7/20/17"
"Unbreakable Kimmy Schmidt: Season 3: Kimmy Gets Divorced?!","7/19/17"
"Unbreakable Kimmy Schmidt: Season 2: Kimmy Finds Her Mom!","7/19/17"
"Unbreakable Kimmy Schmidt: Season 2: Kimmy Sees a Sunset!","7/18/17"
"Unbreakable Kimmy Schmidt: Season 2: Kimmy Meets a Celebrity!","7/18/17"
"Unbreakable Kimmy Schmidt: Season 2: Kimmy Goes to Her Happy Place!","7/18/17"
"Unbreakable Kimmy Schmidt: Season 2: Kimmy Meets a Drunk Lady!","7/18/17"
"Unbreakable Kimmy Schmidt: Season 2: Kimmy Goes to a Hotel!","7/18/17"
"Unbreakable Kimmy Schmidt: Season 2: Kimmy Walks Into a Bar!","7/17/17"
"Unbreakable Kimmy Schmidt: Season 2: Kimmy Drives a Car!","7/17/17"
"Unbreakable Kimmy Schmidt: Season 2: Kimmy Gives Up!","7/17/17"
"Unbreakable Kimmy Schmidt: Season 2: Kimmy Kidnaps Gretchen!","7/17/17"
"Unbreakable Kimmy Schmidt: Season 2: Kimmy Goes to a Play!","7/17/17"
"Unbreakable Kimmy Schmidt: Season 1: Kimmy Makes Waffles!","7/17/17"
"Unbreakable Kimmy Schmidt: Season 1: Kimmy Goes to Court!","7/17/17"
"Unbreakable Kimmy Schmidt: Season 2: Kimmy Goes on a Playdate!","7/17/17"
"Unbreakable Kimmy Schmidt: Season 2: Kimmy Goes Roller Skating!","7/17/17"
"Unbreakable Kimmy Schmidt: Season 1: Kimmy Rides a Bike!","7/16/17"
"Unbreakable Kimmy Schmidt: Season 1: Kimmy's in a Love Triangle!","7/15/17"
"Unbreakable Kimmy Schmidt: Season 1: Kimmy Has a Birthday!","7/15/17"
"Unbreakable Kimmy Schmidt: Season 1: Kimmy is Bad at Math!","7/15/17"
"Unbreakable Kimmy Schmidt: Season 1: Kimmy Goes to a Party!","7/14/17"
"Unbreakable Kimmy Schmidt: Season 1: Kimmy Goes to School!","7/14/17"
"Unbreakable Kimmy Schmidt: Season 1: Kimmy Kisses a Boy!","7/14/17"
"Unbreakable Kimmy Schmidt: Season 1: Kimmy Goes to the Doctor!","7/14/17"
"Unbreakable Kimmy Schmidt: Season 1: Kimmy Goes on a Date!","7/14/17"
"GLOW: Season 1: Pilot","7/14/17"
"Unbreakable Kimmy Schmidt: Season 1: Kimmy Gets a Job!","7/14/17"
"Unbreakable Kimmy Schmidt: Season 1: Kimmy Goes Outside!","7/14/17"
"Moana","7/6/17"
"Bill Nye Saves the World: Season 1: Machines Take Over the World","6/12/17"
"Bill Nye Saves the World: Season 1: Tune Your Quack-o-Meter","6/12/17"
"Bill Nye Saves the World: Season 1: Earth Is a Hot Mess","6/12/17"
"Mona Lisa Smile","5/17/17"
"Better Call Saul: Season 2: Klick","5/9/17"
"Better Call Saul: Season 2: Nailed","5/9/17"
"Better Call Saul: Season 2: Fifi","5/9/17"
"Better Call Saul: Season 2: Inflatable","5/8/17"
"Better Call Saul: Season 2: Bali Ha'i","5/8/17"
"Better Call Saul: Season 2: Rebecca","5/8/17"
"Better Call Saul: Season 2: Gloves Off","5/8/17"
"Better Call Saul: Season 2: Amarillo","5/7/17"
"Better Call Saul: Season 2: Cobbler","5/7/17"
"Better Call Saul: Season 2: Switch","5/7/17"
"Better Call Saul: Season 1: Marco","5/7/17"
"Better Call Saul: Season 1: Alpine Shepherd Boy","5/7/17"
"Better Call Saul: Season 1: Hero","5/7/17"
"Better Call Saul: Season 1: Nacho","5/7/17"
"Black Mirror: Season 2: White Bear","4/16/17"
"Black Mirror: Season 2: Be Right Back","4/16/17"
"Amélie","2/26/17"
"A Series of Unfortunate Events: Season 1: The Miserable Mill: Part Two","1/15/17"
"A Series of Unfortunate Events: Season 1: The Miserable Mill: Part One","1/15/17"
"A Series of Unfortunate Events: Season 1: The Wide Window: Part Two","1/15/17"
"A Series of Unfortunate Events: Season 1: The Wide Window: Part One","1/15/17"
"A Series of Unfortunate Events: Season 1: The Reptile Room: Part Two","1/14/17"
"A Series of Unfortunate Events: Season 1: The Reptile Room: Part One","1/14/17"
"A Series of Unfortunate Events: Season 1: The Bad Beginning: Part Two","1/14/17"
"Stranger Things: Chapter Four: The Body","12/23/16"
"Stranger Things: Chapter Three: Holly, Jolly","12/23/16"
"Stranger Things: Chapter Two: The Weirdo on Maple Street","12/23/16"
"Stranger Things: Chapter Six: The Monster","12/22/16"
"Stranger Things: Chapter Five: The Flea and the Acrobat","12/22/16"
"Stranger Things: Chapter One: The Vanishing of Will Byers","12/22/16"
"Stranger Things: Chapter Eight: The Upside Down","11/26/16"
"Hotel Transylvania 2","11/1/16"
"Sherlock: Series 3: The Abominable Bride","9/20/16"
"Sherlock: Series 3: His Last Vow","9/7/16"
"Longmire: An Incredibly Beautiful Thing","9/2/16"
"Longmire: 8 Seconds","9/2/16"
"Longmire: The Worst Kind of Hunter","9/1/16"
"Longmire: Dog Soldier","9/1/16"
"Longmire: The Cancer","9/1/16"
"Longmire: A Damn Shame","9/1/16"
"Longmire: The Dark Road","9/1/16"
"Longmire: Pilot","9/1/16"
"TURN: Washington's Spies: Season 1: Pilot","8/26/16"
"Shameless (U.S.): Season 4: Lazarus","8/26/16"
"Shameless (U.S.): Season 4: Emily","8/26/16"
"Shameless (U.S.): Season 4: Liver, I Hardly Know Her","8/24/16"
"Shameless (U.S.): Season 4: The Legend of Bonnie and Carl","8/24/16"
"Shameless (U.S.): Season 4: Hope Springs Paternal","8/23/16"
"Better Call Saul: Season 1: Pimento","8/20/16"
"Better Call Saul: Season 1: Rico","8/20/16"
"Better Call Saul: Season 1: Bingo","8/20/16"
"Better Call Saul: Season 1: Five-O","8/20/16"
"Shameless (U.S.): Season 4: A Jailbird, Invalid, Martyr, Cutter, Retard, and Parasitic Twin","8/17/16"
"Shameless (U.S.): Season 3: Survival of the Fittest","8/17/16"
"Shameless (U.S.): Season 4: Iron City","8/16/16"
"Shameless (U.S.): Season 4: There's the Rub","8/16/16"
"Shameless (U.S.): Season 4: Strangers on a Train","8/16/16"
"Shameless (U.S.): Season 4: Like Father, Like Daughter","8/16/16"
"Shameless (U.S.): Season 4: My Oldest Daughter","8/16/16"
"Shameless (U.S.): Season 4: Simple Pleasures","8/16/16"
"Shameless (U.S.): Season 3: Order Room Service","8/9/16"
"Shameless (U.S.): Season 3: Civil Wrongs","8/8/16"
"Shameless (U.S.): Season 3: Frank the Plumber","8/3/16"
"Shameless (U.S.): Season 3: When There's a Will","8/3/16"
"Shameless (U.S.): Season 3: A Long Way from Home","8/3/16"
"Shameless (U.S.): Season 3: May I Trim Your Hedges?","8/3/16"
"Shameless (U.S.): Season 3: Cascading Failures","8/1/16"
"Shameless (U.S.): Season 3: The Sins of My Caretaker","8/1/16"
"Shameless (U.S.): Season 3: The Helpful Gallaghers","8/1/16"
"Shameless (U.S.): Season 3: The American Dream","7/29/16"
"Shameless (U.S.): Season 3: El Gran Cañon","7/29/16"
"Shameless (U.S.): Season 2: Fiona Interrupted","7/29/16"
"Shameless (U.S.): Season 2: Can I Have a Mother?","7/29/16"
"Shameless (U.S.): Season 2: Father's Day","7/29/16"
"Shameless (U.S.): Season 2: Just Like the Pilgrims Intended","7/28/16"
"Shameless (U.S.): Season 2: A Great Cause","7/28/16"
"Shameless (U.S.): Season 2: Hurricane Monica","7/28/16"
"Shameless (U.S.): Season 2: Parenthood","7/28/16"
"Shameless (U.S.): Season 2: A Bottle of Jean Nate","7/27/16"
"Shameless (U.S.): Season 2: A Beautiful Mess","7/26/16"
"Stranger Things: Chapter Seven: The Bathtub","7/26/16"
"Shameless (U.S.): Season 2: I'll Light a Candle For You Every Day","7/25/16"
"Shameless (U.S.): Season 2: Summer Loving","7/25/16"
"Shameless (U.S.): Season 2: Summertime","7/25/16"
"Shameless (U.S.): Season 1: Father Frank, Full of Grace","7/25/16"
"Shameless (U.S.): Season 1: Daddyz Girl","7/22/16"
"Shameless (U.S.): Season 1: Nana Gallagher Had An Affair","7/22/16"
"Shameless (U.S.): Season 1: But at Last Came a Knock","7/21/16"
"Shameless (U.S.): Season 1: It's Time To Kill the Turtle","7/21/16"
"Shameless (U.S.): Season 1: Frank Gallagher: Loving Husband, Devoted Father","7/21/16"
"Shameless (U.S.): Season 1: Killer Carl","7/21/16"
"Shameless (U.S.): Season 1: Three Boys","7/20/16"
"Shameless (U.S.): Season 1: Casey Casden","7/19/16"
"Shameless (U.S.): Season 1: Aunt Ginger","7/18/16"
"Shameless (U.S.): Season 1: Frank the Plank","7/18/16"
"Shameless (U.S.): Season 1: Pilot","7/16/16"
"Nurse Jackie: Season 7: I Say a Little Prayer","7/12/16"
"Nurse Jackie: Season 7: Vigilante Jones","7/12/16"
"Nurse Jackie: Season 7: Jackie and the Wolfe","7/11/16"
"Nurse Jackie: Season 7: Serviam in Caritate","7/11/16"
"Nurse Jackie: Season 7: Managed Care","7/11/16"
"Nurse Jackie: Season 7: Are You with Me, Doctor Wu?","7/11/16"
"Nurse Jackie: Season 7: High Noon","7/11/16"
"Nurse Jackie: Season 7: Coop Out","7/11/16"
"Nurse Jackie: Season 7: Nice Ladies","7/11/16"
"Nurse Jackie: Season 7: Godfathering","7/11/16"
"Nurse Jackie: Season 7: Deal","7/11/16"
"Nurse Jackie: Season 7: Clean","7/11/16"
"Nurse Jackie: Season 6: Flight","7/11/16"
"Nurse Jackie: Season 6: Sisterhood","7/10/16"
"Nurse Jackie: Season 6: Sidecars and Spermicide","7/10/16"
"Nurse Jackie: Season 6: Candyman","7/10/16"
"Nurse Jackie: Season 6: The Lady with the Lamp","7/10/16"
"Nurse Jackie: Season 6: Rat on a Cheeto","7/8/16"
"Nurse Jackie: Season 6: Nancy Wood","7/8/16"
"Nurse Jackie: Season 6: Rag & Bone","7/8/16"
"Nurse Jackie: Season 6: Love Jungle","7/8/16"
"Nurse Jackie: Season 6: Super Greens","7/8/16"
"Nurse Jackie: Season 6: Pillgrimage","7/8/16"
"Nurse Jackie: Season 4: Day of the Iguana","7/8/16"
"Nurse Jackie: Season 6: Sink or Swim","7/7/16"
"Nurse Jackie: Season 5: Soul","7/7/16"
"Nurse Jackie: Season 5: Heart","7/7/16"
"Nurse Jackie: Season 5: Forget It","7/7/16"
"Nurse Jackie: Season 5: Teachable Moments","7/7/16"
"Nurse Jackie: Season 5: Walk of Shame","7/7/16"
"Nurse Jackie: Season 5: Good Thing","7/7/16"
"Nurse Jackie: Season 5: Lost Girls","7/7/16"
"Nurse Jackie: Season 5: Smile","7/7/16"
"Nurse Jackie: Season 5: Luck of the Drawing","7/7/16"
"Nurse Jackie: Season 5: Happy F**king Birthday","7/7/16"
"Nurse Jackie: Season 4: Handle Your Scandal","7/7/16"
"Nurse Jackie: Season 4: Are Those Feathers?","7/7/16"
"Nurse Jackie: Season 4: Chaud & Froid","7/7/16"
"Nurse Jackie: Season 4: No-Kimono-Zone","7/6/16"
"Nurse Jackie: Season 4: One-Armed Jacks","7/6/16"
"Nurse Jackie: Season 4: Slow Growing Monsters","7/6/16"
"Nurse Jackie: Season 4: The Wall","7/6/16"
"Nurse Jackie: Season 4: Disneyland Sucks","7/6/16"
"Nurse Jackie: Season 4: Kettle-Kettle-Black-Black","7/6/16"
"Mad Men: Season 7: Time Zones","6/19/16"
"Scarface","6/18/16"
"Raising Hope: Season 2: Spanks Butt, No Spanks","6/17/16"
"Raising Hope: Season 2: Single White Female Role Model","6/17/16"
"Raising Hope: Season 2: Sheer Madness","6/17/16"
"Raising Hope: Season 2: Jimmy's Fake Girlfriend","6/16/16"
"Raising Hope: Season 2: Tarot Cards","6/16/16"
"Raising Hope: Season 2: Gambling Again","6/16/16"
"Raising Hope: Season 2: Mrs. Smartypants","6/16/16"
"Raising Hope: Season 2: It's a Hopeful Life","6/16/16"
"Raising Hope: Season 2: The Men of New Natesville","6/16/16"
"Raising Hope: Season 2: Bro-Gurt","6/16/16"
"Raising Hope: Season 2: Burt's Parents","6/16/16"
"Raising Hope: Season 2: Jimmy and the Kid","6/16/16"
"Raising Hope: Season 2: Killer Hope","6/16/16"
"Raising Hope: Season 2: Henderson, Nevada-Adjacent Baby","6/16/16"
"Raising Hope: Season 2: Kidnapped","6/16/16"
"Raising Hope: Season 2: Sabrina Has Money","6/16/16"
"Raising Hope: Season 2: Prodigy","6/16/16"
"Raising Hope: Don't Vote for This Episode","6/15/16"
"Raising Hope: Baby Monitor","6/15/16"
"Raising Hope: Everyone Flirts Sometimes","6/15/16"
"Raising Hope: Sleep Training","6/15/16"
"Raising Hope: Cheaters","6/15/16"
"Raising Hope: Mongooses","6/15/16"
"Raising Hope: Cultish Personality","6/15/16"
"Raising Hope: Snip-Snip","6/15/16"
"Raising Hope: What Up, Cuz?","6/15/16"
"Raising Hope: A Germ of a Story","6/15/16"
"Raising Hope: Romeo and Romeo","6/15/16"
"Raising Hope: Toy Story","6/14/16"
"Raising Hope: Burt Rocks","6/14/16"
"Raising Hope: Meet the Grandparents","6/14/16"
"Raising Hope: Blue Dots","6/14/16"
"Raising Hope: The Sniffles","6/14/16"
"Raising Hope: Family Secrets","6/14/16"
"Raising Hope: Happy Halloween","6/14/16"
"Raising Hope: Say Cheese","6/14/16"
"Paradox","6/14/16"
"Kevin Hart: Seriously Funny","6/13/16"
"Raising Hope: Dream Hoarders","6/13/16"
"Raising Hope: Dead Tooth","6/13/16"
"Raising Hope: Pilot","6/13/16"
"Better Call Saul: Season 1: Mijo","6/13/16"
"Bill Burr: You People Are All the Same","6/13/16"
"My Name Is Earl: Season 4: Dodge's Dad","6/13/16"
"My Name Is Earl: Season 4: Inside Probe: Part 2","6/13/16"
"My Name Is Earl: Season 4: Inside Probe: Part 1","6/13/16"
"My Name Is Earl: Season 4: Gospel","6/13/16"
"My Name Is Earl: Season 4: Bullies","6/13/16"
"My Name Is Earl: Season 4: Pinky","6/13/16"
"My Name Is Earl: Season 4: Witch Lady","6/13/16"
"My Name Is Earl: Season 4: Chaz Dalton's Space Academy","6/13/16"
"My Name Is Earl: Season 4: My Name Is Alias","6/12/16"
"My Name Is Earl: Season 4: Friends with Benefits","6/12/16"
"My Name Is Earl: Season 4: Randy's List Item","6/12/16"
"My Name Is Earl: Season 4: Darnell Outed: Part 2","6/12/16"
"My Name Is Earl: Season 4: Darnell Outed: Part 1","6/12/16"
"My Name Is Earl: Season 4: Got the Babysitter Pregnant","6/12/16"
"My Name Is Earl: Season 4: Orphan Earl","6/12/16"
"Bo Burnham: what.","6/12/16"
"John Mulaney: New in Town","6/12/16"
"Trevor Noah: African American","6/12/16"
"My Name Is Earl: Season 4: Reading Is a Fundamental Case","6/12/16"
"Sherlock: Series 3: The Sign of Three","5/13/16"
"TURN: Washington's Spies: Season 2: Gunpowder, Treason, and Plot","5/10/16"
"TURN: Washington's Spies: Season 2: The Prodigal","5/10/16"
"TURN: Washington's Spies: Season 2: Providence","5/10/16"
"TURN: Washington's Spies: Season 2: Valley Forge","5/10/16"
"TURN: Washington's Spies: Season 2: Houses Divided","5/10/16"
"TURN: Washington's Spies: Season 2: Sealed Fate","5/9/16"
"TURN: Washington's Spies: Season 2: Men of Blood","5/9/16"
"TURN: Washington's Spies: Season 2: False Flag","5/9/16"
"TURN: Washington's Spies: Season 2: Hard Boiled","5/9/16"
"TURN: Washington's Spies: Season 2: Thoughts of a Free Man","5/8/16"
"TURN: Washington's Spies: Season 1: The Battle of Setauket","5/8/16"
"TURN: Washington's Spies: Season 1: Against Thy Neighbor","5/8/16"
"TURN: Washington's Spies: Season 1: Challenge","5/8/16"
"TURN: Washington's Spies: Season 1: Mercy Moment Murder Measure","5/8/16"
"TURN: Washington's Spies: Season 1: Mr. Culpeper","5/8/16"
"TURN: Washington's Spies: Season 1: Epiphany","5/8/16"
"TURN: Washington's Spies: Season 1: Eternity How Long","5/8/16"
"TURN: Washington's Spies: Season 1: Of Cabbages and Kings","5/8/16"
"TURN: Washington's Spies: Season 1: Who By Fire","5/7/16"
"It's Always Sunny in Philadelphia: Season 10: Charlie Work","5/7/16"
"It's Always Sunny in Philadelphia: Season 10: Psycho Pete Returns","5/7/16"
"It's Always Sunny in Philadelphia: Season 10: The Gang Group Dates","5/7/16"
"It's Always Sunny in Philadelphia: Season 10: The Gang Beats Boggs","5/7/16"
"It's Always Sunny in Philadelphia: Season 9: The Gang Squashes Their Beefs","5/7/16"
"It's Always Sunny in Philadelphia: Season 9: The Gang Makes Lethal Weapon 6","5/6/16"
"It's Always Sunny in Philadelphia: Season 9: Flowers for Charlie","5/6/16"
"It's Always Sunny in Philadelphia: Season 9: The Gang Gets Quarantined","5/6/16"
"It's Always Sunny in Philadelphia: Season 9: The Gang Saves the Day","5/6/16"
"It's Always Sunny in Philadelphia: Season 9: Mac Day","5/6/16"
"It's Always Sunny in Philadelphia: Season 7: Frank's Brother","5/6/16"
"It's Always Sunny in Philadelphia: Season 7: Sweet Dee Gets Audited","5/6/16"
"It's Always Sunny in Philadelphia: Season 4: Mac and Dennis: Manhunters","5/6/16"
"It's Always Sunny in Philadelphia: Season 3: The Gang Dances Their Asses Off","4/16/16"
"It's Always Sunny in Philadelphia: Season 7: Thunder Gun Express","4/16/16"
"It's Always Sunny in Philadelphia: Season 7: How Mac Got Fat","4/16/16"
"Master of None: Season 1: Plan B","3/21/16"
"The Blacklist: Season 1: The Judge (No. 57)","11/11/15"
"The Blacklist: Season 1: Madeline Pratt (No. 73)","11/11/15"
"The Blacklist: Season 1: The Cyprus Agency (No. 64)","11/11/15"
"The Blacklist: Season 1: The Alchemist (No. 101)","11/11/15"
"The Blacklist: Season 1: The Good Samaritan (No. 106)","11/11/15"
"Mad Men: Season 6: In Care Of","11/3/15"
"Mad Men: Season 6: The Quality of Mercy","10/28/15"
"Mad Men: Season 6: Favors","10/27/15"
"Mad Men: Season 6: A Tale of Two Cities","10/27/15"
"Mad Men: Season 6: The Better Half","10/22/15"
"Mad Men: Season 6: The Crash","10/22/15"
"The Reef 2: High Tide","10/20/15"
"The Boxtrolls","10/20/15"
"Mad Men: Season 6: Man With a Plan","10/18/15"
"Mad Men: Season 6: For Immediate Release","10/9/15"
"Mad Men: Season 6: The Flood","10/8/15"
"Mad Men: Season 6: To Have and to Hold","10/4/15"
"Mad Men: Season 6: Collaborators","10/4/15"
"Mad Men: Season 6: The Doorway","10/4/15"
"Mad Men: Season 5: The Phantom","9/28/15"
"Mad Men: Season 5: Commissions and Fees","9/25/15"
"Mad Men: Season 5: The Other Woman","9/25/15"
"Mad Men: Season 5: Christmas Waltz","9/25/15"
"The Following: Season 1: Pilot","9/19/15"
"The Blacklist: Season 1: Anslo Garrick (No. 16): Part 2","9/19/15"
"The Blacklist: Season 1: Anslo Garrick (No. 16): Part 1","9/19/15"
"The Blacklist: Season 1: General Ludd (No. 109)","9/19/15"
"The Blacklist: Season 1: Frederick Barnes (No. 47)","9/18/15"
"The Blacklist: Season 1: Gina Zanetakos (No. 152)","9/18/15"
"The Blacklist: Season 1: The Courier (No. 85)","9/18/15"
"The Blacklist: Season 1: The Stewmaker (No. 161)","9/18/15"
"The Blacklist: Season 1: Wujing (No. 84)","9/18/15"
"The Blacklist: Season 1: The Freelancer (No. 145)","9/18/15"
"The League: Season 5: The Near Death Flex-Perience","9/13/15"
"The League: Season 5: The Automatic Faucet","9/13/15"
"The League: Season 5: Flowers for Taco","9/13/15"
"The League: Season 5: The Bringer Show","9/13/15"
"The League: Season 5: Heavy Petting","9/13/15"
"The League: Season 5: The Bye Week","9/13/15"
"The League: Season 4: Training Camp","9/13/15"
"Mad Men: Season 5: Dark Shadows","9/10/15"
"Mad Men: Season 5: Lady Lazarus","9/10/15"
"Teenage Mutant Ninja Turtles","9/10/15"
"Mad Men: Season 5: At the Codfish Ball","9/9/15"
"Mad Men: Season 5: Far Away Places","9/9/15"
"Mad Men: Season 5: Signal 30","9/1/15"
"Mad Men: Season 5: Mystery Date","9/1/15"
"Mad Men: Season 5: Tea Leaves","8/28/15"
"Mad Men: Season 5: A Little Kiss","8/27/15"
"Mad Men: Season 4: Tomorrowland","8/27/15"
"The League: The Usual Bet","8/25/15"
"The League: Mr. McGibblets","8/25/15"
"The League: Sunday at Ruxin's","8/25/15"
"The League: The Bounce Test","8/25/15"
"The League: The Draft","8/25/15"
"Mad Men: Season 4: Blowing Smoke","8/20/15"
"Mad Men: Season 4: Chinese Wall","8/20/15"
"Mad Men: Season 4: Hands and Knees","8/14/15"
"Mad Men: Season 4: The Beautiful Girls","8/12/15"
"Mad Men: Season 4: The Summer Man","8/12/15"
"Mad Men: Season 4: The Suitcase","8/6/15"
"Mad Men: Season 4: Waldorf Stories","7/27/15"
"Mad Men: Season 4: The Chrysanthemum and the Sword","7/25/15"
"Mad Men: Season 4: The Rejected","7/25/15"
"Mad Men: Season 4: The Good News","7/25/15"
"Mad Men: Season 4: Christmas Comes but Once a Year","7/25/15"
"Mad Men: Season 4: Public Relations","7/24/15"
"Mad Men: Season 3: Shut the Door. Have a Seat.","7/24/15"
"Mad Men: Season 3: The Grown Ups","7/22/15"
"Mad Men: Season 3: The Gypsy and the Hobo","7/22/15"
"Mad Men: Season 3: The Color Blue","7/16/15"
"The Terminator","7/14/15"
"Mad Men: Season 3: Wee Small Hours","7/13/15"
"Mad Men: Season 3: Souvenir","7/13/15"
"Breaking Bad: Season 1: The Cat's in the Bag","7/12/15"
"Breaking Bad: Season 1: Pilot","7/12/15"
"Mad Men: Season 3: Seven Twenty Three","7/12/15"
"Mad Men: Season 3: Guy Walks into an Advertising Agency","7/10/15"
"Mad Men: Season 3: The Fog","7/10/15"
"Mad Men: Season 3: The Arrangements","7/9/15"
"Mad Men: Season 3: My Old Kentucky Home","7/1/15"
"Horns","6/30/15"
"Mad Men: Season 3: Love Among the Ruins","6/25/15"
"Mad Men: Season 3: Out of Town","6/25/15"
"Mad Men: Season 2: Meditations in an Emergency","6/24/15"
"30 Rock: Jack Meets Dennis","6/22/15"
"30 Rock: Jack-Tor","6/22/15"
"30 Rock: Jack the Writer","6/22/15"
"The Office (U.S.): Season 8: Last Day in Florida","6/21/15"
"The Office (U.S.): Season 8: Test the Store","6/21/15"
"The Office (U.S.): Season 8: After Hours","6/21/15"
"The Office (U.S.): Season 8: Tallahassee","6/21/15"
"The Office (U.S.): Season 8: Special Project","6/21/15"
"The Office (U.S.): Season 8: Jury Duty","6/21/15"
"The Office (U.S.): Season 8: Pool Party","6/21/15"
"The Office (U.S.): Season 8: Trivia","6/21/15"
"The Office (U.S.): Season 8: Christmas Wishes","6/21/15"
"Mad Men: Season 2: The Mountain King","6/20/15"
"Mad Men: Season 2: The Jet Set","6/20/15"
"Mad Men: Season 2: The Inheritance","6/20/15"
"Mad Men: Season 2: Six-Month Leave","6/20/15"
"Mad Men: Season 2: A Night to Remember","6/19/15"
"Mad Men: Season 2: The Gold Violin","6/18/15"
"Mad Men: Season 2: Maidenform","6/17/15"
"Mad Men: Season 2: The New Girl","6/17/15"
"Mad Men: Season 2: Three Sundays","6/16/15"
"Mad Men: Season 2: The Benefactor","6/16/15"
"Mad Men: Season 2: Flight 1","6/16/15"
"Mad Men: Season 2: For Those Who Think Young","6/14/15"
"It's Always Sunny in Philadelphia: Season 3: Bums: Making a Mess All Over the City","6/14/15"
"It's Always Sunny in Philadelphia: Season 3: The Gang Gets Whacked: Part 2","6/14/15"
"Mad Men: The Wheel","6/14/15"
"It's Always Sunny in Philadelphia: Season 3: The Gang Gets Whacked: Part 1","6/14/15"
"It's Always Sunny in Philadelphia: Season 3: Dennis Looks Like a Registered Sex Offender","6/12/15"
"It's Always Sunny in Philadelphia: Season 3: Mac Is a Serial Killer","6/12/15"
"Mad Men: Nixon vs. Kennedy","6/11/15"
"Mad Men: Indian Summer","6/11/15"
"Mad Men: Long Weekend","6/11/15"
"Mad Men: Shoot","6/10/15"
"Mad Men: The Hobo Code","6/10/15"
"Mad Men: Red in the Face","6/9/15"
"Mad Men: Babylon","6/9/15"
"Mad Men: 5G","6/8/15"
"Mad Men: New Amsterdam","6/8/15"
"Mad Men: Marriage of Figaro","6/8/15"
"Mad Men: Ladies Room","6/8/15"
"Mad Men: Smoke Gets in Your Eyes","6/6/15"
"House of Cards: Season 3: Chapter 39","6/5/15"
"House of Cards: Season 3: Chapter 38","6/2/15"
"House of Cards: Season 3: Chapter 37","6/2/15"
"30 Rock: Blind Date","6/1/15"
"30 Rock: The Aftermath","6/1/15"
"30 Rock: Pilot","6/1/15"
"30 Rock: Season 4: Season Four","6/1/15"
"The Big Lebowski","5/29/15"
"House of Cards: Season 3: Chapter 36","5/24/15"
"House of Cards: Season 3: Chapter 35","5/24/15"
"House of Cards: Season 3: Chapter 34","5/24/15"
"It's Always Sunny in Philadelphia: Season 3: Sweet Dee's Dating a Retarded Person","5/23/15"
"It's Always Sunny in Philadelphia: Season 3: Frank Sets Sweet Dee On Fire","5/23/15"
"It's Always Sunny in Philadelphia: Season 3: The Gang Sells Out","5/23/15"
"It's Always Sunny in Philadelphia: Season 3: The Gang Solves the North Korea Situation","5/23/15"
"It's Always Sunny in Philadelphia: Season 3: The Aluminum Monster vs. Fatty Magoo","5/23/15"
"House of Cards: Season 3: Chapter 33","5/22/15"
"House of Cards: Season 3: Chapter 32","5/22/15"
"It's Always Sunny in Philadelphia: Season 3: The Gang Gets Held Hostage","5/22/15"
"It's Always Sunny in Philadelphia: Charlie Has Cancer","5/22/15"
"It's Always Sunny in Philadelphia: Underage Drinking: A National Concern","5/22/15"
"It's Always Sunny in Philadelphia: Charlie Wants an Abortion","5/22/15"
"It's Always Sunny in Philadelphia: The Gang Gets Racist","5/22/15"
"It's Always Sunny in Philadelphia: Season 3: Dennis and Dee's Mom Is Dead","5/22/15"
"It's Always Sunny in Philadelphia: Season 3: The Gang Gets Invincible","5/22/15"
"It's Always Sunny in Philadelphia: Season 3: The Gang Finds a Dumpster Baby","5/22/15"
"It's Always Sunny in Philadelphia: Season 2: Dennis and Dee Get a New Dad","5/22/15"
"It's Always Sunny in Philadelphia: Season 2: Charlie Goes America All Over Everybody's Ass","5/22/15"
"It's Always Sunny in Philadelphia: Season 2: The Gang Runs for Office","5/21/15"
"It's Always Sunny in Philadelphia: Season 2: The Gang Exploits a Miracle","5/21/15"
"It's Always Sunny in Philadelphia: Season 2: The Gang Gives Back","5/21/15"
"It's Always Sunny in Philadelphia: Season 2: Hundred Dollar Baby","5/21/15"
"It's Always Sunny in Philadelphia: Season 2: Mac Bangs Dennis' Mom","5/21/15"
"It's Always Sunny in Philadelphia: Season 2: Dennis and Dee Go on Welfare","5/21/15"
"It's Always Sunny in Philadelphia: Season 2: The Gang Goes Jihad","5/21/15"
"It's Always Sunny in Philadelphia: Season 2: Charlie Gets Crippled","5/20/15"
"It's Always Sunny in Philadelphia: Charlie Got Molested","5/20/15"
"It's Always Sunny in Philadelphia: The Gang Finds a Dead Guy","5/20/15"
"It's Always Sunny in Philadelphia: Gun Fever","5/20/15"
"It's Always Sunny in Philadelphia: Season 9: Gun Fever Too: Still Hot","5/20/15"
"House of Cards: Season 3: Chapter 31","5/20/15"
"House of Cards: Season 3: Chapter 30","5/20/15"
"Emily Owens, M.D.: Emily and... the Leap","5/17/15"
"Emily Owens, M.D.: Emily and... the Perfect Storm","5/17/15"
"Emily Owens, M.D.: Emily and... the Teapot","5/17/15"
"Emily Owens, M.D.: Emily and... the Social Experiment","5/17/15"
"Emily Owens, M.D.: Emily and... the Love of Larping","5/17/15"
"Emily Owens, M.D.: Emily and... the Car and the Cards","5/16/15"
"Emily Owens, M.D.: Emily and... the Good and the Bad","5/15/15"
"Emily Owens, M.D.: Emily and... the Question of Faith","5/15/15"
"Emily Owens, M.D.: Emily and... the Tell-Tale Heart","5/15/15"
"Emily Owens, M.D.: Emily and... the Predator","5/15/15"
"Emily Owens, M.D.: Emily and... the Outbreak","5/15/15"
"Emily Owens, M.D.: Emily and... the Alan Zolman Incident","5/15/15"
"Emily Owens, M.D.: Pilot","5/15/15"
"Grace and Frankie: Season 1: The Vows","5/15/15"
"Grace and Frankie: Season 1: The Bachelor Party","5/15/15"
"Grace and Frankie: Season 1: The Secrets","5/15/15"
"Grace and Frankie: Season 1: The Elevator","5/14/15"
"Grace and Frankie: Season 1: The Invitation","5/14/15"
"Grace and Frankie: Season 1: The Sex","5/14/15"
"Grace and Frankie: Season 1: The Spelling Bee","5/14/15"
"Grace and Frankie: Season 1: The Earthquake","5/14/15"
"Grace and Frankie: Season 1: The Fall","5/14/15"
"It's Always Sunny in Philadelphia: Season 9: The Gang Broke Dee","5/13/15"
"It's Always Sunny in Philadelphia: Season 6: Mac Fights Gay Marriage","5/13/15"
"Grace and Frankie: Season 1: The Funeral","5/13/15"
"Grace and Frankie: Season 1: The Dinner","5/13/15"
"Grace and Frankie: Season 1: The Credit Cards","5/13/15"
"Grace and Frankie: Season 1: The End","5/13/15"
"House of Cards: Season 3: Chapter 29","5/5/15"
"House of Cards: Season 3: Chapter 28","5/4/15"
"House of Cards: Season 3: Chapter 27","5/4/15"
"House of Cards: Season 2: Chapter 26","5/4/15"
"House of Cards: Season 2: Chapter 25","5/3/15"
"House of Cards: Season 2: Chapter 24","5/3/15"
"House of Cards: Season 2: Chapter 23","5/3/15"
"House of Cards: Season 2: Chapter 22","5/3/15"
"House of Cards: Season 2: Chapter 21","5/3/15"
"House of Cards: Season 2: Chapter 20","5/3/15"
"House of Cards: Season 2: Chapter 19","4/29/15"
"House of Cards: Season 2: Chapter 18","4/28/15"
"House of Cards: Season 2: Chapter 17","4/28/15"
"House of Cards: Season 2: Chapter 16","4/28/15"
"House of Cards: Season 2: Chapter 15","4/26/15"
"House of Cards: Season 2: Chapter 14","4/20/15"
"House of Cards: Season 1: Chapter 12","4/20/15"
"House of Cards: Season 1: Chapter 11","4/20/15"
"Archer: Season 4: Coyote Lovely","3/20/15"
"House of Cards: Season 1: Chapter 13","3/14/15"
"House of Cards: Season 1: Chapter 10","3/12/15"
"House of Cards: Season 1: Chapter 9","3/11/15"
"House of Cards: Season 1: Chapter 8","3/11/15"
"House of Cards: Season 1: Chapter 7","3/6/15"
"House of Cards: Season 1: Chapter 6","3/6/15"
"House of Cards: Season 1: Chapter 5","3/6/15"
"House of Cards: Season 1: Chapter 4","3/5/15"
"House of Cards: Season 1: Chapter 3","3/5/15"
"House of Cards: Season 1: Chapter 2","3/3/15"
"House of Cards: Season 1: Chapter 1","3/3/15"
"Parks and Recreation: Season 2: Sister City","12/1/14"
"Parks and Recreation: Season 2: Practice Date","12/1/14"
"Parks and Recreation: Season 2: Beauty Pageant","12/1/14"
"Parks and Recreation: Season 2: The Stakeout","12/1/14"
"Parks and Recreation: Season 2: Pawnee Zoo","12/1/14"
"Parks and Recreation: Rock Show","12/1/14"
"Breaking Bad: Season 5: Felina","11/30/14"
"Breaking Bad: Season 5: Granite State","11/30/14"
"Breaking Bad: Season 5: Ozymandias","11/30/14"
"Breaking Bad: Season 5: To'hajiilee","11/29/14"
"Breaking Bad: Season 5: Rabid Dog","11/29/14"
"Breaking Bad: Season 5: Confessions","11/29/14"
"Breaking Bad: Season 5: Buried","11/29/14"
"Breaking Bad: Season 5: Blood Money","11/28/14"
"Breaking Bad: Season 5: Gliding Over All","11/28/14"
"Breaking Bad: Season 5: Say My Name","11/28/14"
"Breaking Bad: Season 5: Buyout","11/28/14"
"Breaking Bad: Season 5: Dead Freight","11/28/14"
"Breaking Bad: Season 5: Fifty-One","11/28/14"
"Breaking Bad: Season 5: Hazard Pay","11/26/14"
"Breaking Bad: Season 5: Madrigal","11/26/14"
"Breaking Bad: Season 5: Live Free Or Die","11/26/14"
"Breaking Bad: Season 4: Face Off","11/26/14"
"Breaking Bad: Season 4: End Times","11/24/14"
"Parks and Recreation: The Banquet","11/22/14"
"Parks and Recreation: Boys' Club","11/22/14"
"Parks and Recreation: Season 4: Meet 'n' Greet","11/22/14"
"Breaking Bad: Season 4: Crawl Space","11/21/14"
"Breaking Bad: Season 4: Salud","11/21/14"
"Breaking Bad: Season 4: Bug","11/20/14"
"Breaking Bad: Season 4: Hermanos","11/20/14"
"Breaking Bad: Season 4: Problem Dog","11/20/14"
"Breaking Bad: Season 4: Cornered","11/20/14"
"Breaking Bad: Season 4: Shotgun","11/20/14"
"Better Off Ted: Season 2: Swag the Dog","11/20/14"
"Better Off Ted: Season 2: It's My Party and I'll Lie if I Want To","11/20/14"
"Better Off Ted: Season 2: Mess of a Salesman","11/18/14"
"Better Off Ted: Season 2: Lust in Translation","11/18/14"
"Better Off Ted: Season 2: The Long and Winding High Road","11/18/14"
"Better Off Ted: Season 2: The Impertence of Communicationizing","11/18/14"
"Better Off Ted: Season 2: Change We Can't Believe In","11/18/14"
"Better Off Ted: Season 2: Beating a Dead Workforce","11/17/14"
"Better Off Ted: Season 2: The Great Repression","11/17/14"
"Better Off Ted: Season 2: It's Nothing Business, It's Just Personal","11/17/14"
"Better Off Ted: Season 2: Battle of the Bulbs","11/17/14"
"Better Off Ted: Season 2: The Lawyer, The Lemur & The Little Listener","11/16/14"
"Better Off Ted: Season 2: Love Blurts","11/16/14"
"Better Off Ted: Secrets and Lives","11/16/14"
"Better Off Ted: Jabberwocky","11/16/14"
"Better Off Ted: Father, Can You Hair Me?","11/16/14"
"Better Off Ted: Trust and Consequence","11/16/14"
"Better Off Ted: Bioshuffle","11/16/14"
"Better Off Ted: You Are the Boss of Me","11/16/14"
"Better Off Ted: Get Happy","11/16/14"
"Better Off Ted: Goodbye, Mr. Chips","11/16/14"
"Better Off Ted: Win Some, Dose Some","11/16/14"
"Better Off Ted: Racial Sensitivity","11/16/14"
"Better Off Ted: Through Rose Colored HAZMAT Suits","11/16/14"
"Better Off Ted: Heroes","11/16/14"
"Better Off Ted: Pilot","11/16/14"
"The Adventures of Mark Twain","11/16/14"
"30 Rock: Season 7: Hogcock! / Last Lunch","11/13/14"
"30 Rock: Season 7: A Goon's Deed in a Weary World","10/30/14"
"30 Rock: Season 5: Reaganing","10/30/14"
"How I Met Your Mother: Season 7: Tick Tick Tick","10/13/14"
"How I Met Your Mother: Season 7: Disaster Averted","10/12/14"
"How I Met Your Mother: Season 7: The Slutty Pumpkin Returns","10/12/14"
"How I Met Your Mother: Season 7: Noretta","10/12/14"
"How I Met Your Mother: Season 7: Mystery vs. History","10/12/14"
"How I Met Your Mother: Pilot","10/12/14"
"Parks and Recreation: Season 4: Pawnee Rangers","8/25/14"
"Parks and Recreation: Season 4: Born & Raised","8/25/14"
"Parks and Recreation: Season 4: Ron and Tammys","8/25/14"
"Parks and Recreation: Season 4: I'm Leslie Knope","8/25/14"
"Parks and Recreation: Season 3: Li'l Sebastian","8/25/14"
"Parks and Recreation: Season 3: The Bubble","8/25/14"
"Goosebumps: Season 2: You Can't Scare Me","8/20/14"
"Goosebumps: Season 2: Bad Hare Day","8/20/14"
"Goosebumps: Season 2: Be Careful What You Wish For","8/20/14"
"Goosebumps: Season 2: The Headless Ghost","8/20/14"
"Goosebumps: Say Cheese and Die","8/20/14"
"Goosebumps: Night of the Living Dummy 2","8/20/14"
"Goosebumps: The Return of the Mummy","8/20/14"
"Goosebumps: Stay Out of the Basement Part 2","8/17/14"
"Goosebumps: Stay Out of the Basement Part 1","8/17/14"
"Goosebumps: My Hairiest Adventure","8/17/14"
"Goosebumps: Piano Lessons Can Be Murder","8/17/14"
"Goosebumps: Phantom of the Auditorium","8/17/14"
"Goosebumps: The Girl Who Cried Monster","8/17/14"
"Parks and Recreation: The Reporter","8/17/14"
"Parks and Recreation: Canvassing","8/16/14"
"Parks and Recreation: Pilot","8/16/14"
"Parks and Recreation: Season 5: Pawnee Commons","8/16/14"
"Parks and Recreation: Season 5: Leslie vs. April","8/14/14"
"Parks and Recreation: Season 5: Ben's Parents","8/14/14"
"Parks and Recreation: Season 5: Halloween Surprise","8/14/14"
"Parks and Recreation: Season 5: Sex Education","8/14/14"
"Parks and Recreation: Season 5: How a Bill Becomes a Law","8/14/14"
"Parks and Recreation: Season 5: Soda Tax","8/14/14"
"Parks and Recreation: Season 5: Ms. Knope Goes to Washington","8/14/14"
"Parks and Recreation: Season 4: Win, Lose, or Draw","8/13/14"
"Parks and Recreation: Season 4: Bus Tour","8/13/14"
"Parks and Recreation: Season 4: The Debate","8/13/14"
"Parks and Recreation: Season 4: Live Ammo","8/13/14"
"Parks and Recreation: Season 4: Lucky","8/13/14"
"Parks and Recreation: Season 4: Campaign Shake-Up","8/13/14"
"Parks and Recreation: Season 4: Sweet Sixteen","8/13/14"
"Parks and Recreation: Season 4: Dave Returns","8/13/14"
"Parks and Recreation: Season 4: Operation Ann","8/13/14"
"Parks and Recreation: Season 4: Bowling for Votes","8/13/14"
"Parks and Recreation: Season 4: Campaign Ad","8/11/14"
"Parks and Recreation: Season 4: The Comeback Kid","8/11/14"
"Parks and Recreation: Season 4: Citizen Knope","8/11/14"
"Parks and Recreation: Season 4: The Trial of Leslie Knope","8/11/14"
"Parks and Recreation: Season 4: Smallest Park","8/11/14"
"Parks and Recreation: Season 4: The Treaty","8/11/14"
"Parks and Recreation: Season 4: End of the World","8/11/14"
"Parks and Recreation: Season 3: Road Trip","8/10/14"
"Parks and Recreation: Season 3: Jerry's Painting","8/10/14"
"Parks and Recreation: Season 3: Soulmates","8/10/14"
"Futurama: Season 4: 30% Iron Chef","8/9/14"
"Futurama: Season 4: Anthology of Interest: Part 2","8/9/14"
"Futurama: Season 5: Three Hundred Big Boys","8/9/14"
"Futurama: Season 5: The Farnsworth Parabox","8/9/14"
"Futurama: Season 10: Murder On the Planet Express","8/9/14"
"Parks and Recreation: Season 3: Andy and April's Fancy Party","8/6/14"
"Parks and Recreation: Season 3: Camping","8/6/14"
"Parks and Recreation: Season 3: Harvest Festival","8/6/14"
"Parks and Recreation: Season 3: Indianapolis","8/6/14"
"Parks and Recreation: Season 3: Media Blitz","8/6/14"
"Parks and Recreation: Season 3: Ron and Tammy: Part II","8/5/14"
"Parks and Recreation: Season 3: Time Capsule","8/5/14"
"Parks and Recreation: Season 3: Flu Season","8/5/14"
"Parks and Recreation: Season 3: Go Big or Go Home","8/5/14"
"Parks and Recreation: Season 2: The Set-Up","8/5/14"
"Wilfred: Season 2: Progress","8/3/14"
"Wilfred: Identity","8/3/14"
"Wilfred: Sacrifice","8/3/14"
"Wilfred: Season 3: Uncertainty","8/3/14"
"D.L. Hughley: Reset","7/15/14"
"American Dad!: Season 8: Finger Lenting Good","7/14/14"
"American Dad!: Season 8: National Treasure 4: Baby Franny: She's Doing Well: The Hole Story","7/14/14"
"American Dad!: Season 8: Adventures in Hayleysitting","7/14/14"
"American Dad!: Season 8: Why Can't We Be Friends?","7/14/14"
"American Dad!: Season 8: American Stepdad","7/14/14"
"American Dad!: Season 8: Can I Be Frank With You?","7/14/14"
"Derek: Season 1: Episode 2","6/16/14"
"Derek: Season 1: Pilot","6/16/14"
"Portlandia: Season 2: Cops Redesign","6/16/14"
"Portlandia: Season 2: Grover","6/16/14"
"Portlandia: Season 2: Cool Wedding","6/16/14"
"Portlandia: Season 2: One Moore Episode","6/16/14"
"Portlandia: Season 2: Mixologist","6/16/14"
"The West Wing: Season 1: Lies, Damn Lies and Statistics","6/11/14"
"The West Wing: Season 1: Mandatory Minimums","6/11/14"
"Top Gear: Series 20: Episode 6","6/10/14"
"Top Gear: Series 20: Episode 5","6/10/14"
"The West Wing: Season 1: Let Bartlet Be Bartlet","6/10/14"
"The West Wing: Season 1: Six Meetings Before Lunch","6/10/14"
"Dredd","6/10/14"
"The West Wing: Season 1: The White House Pro-Am","6/9/14"
"The West Wing: Season 1: 20 Hours in L.A","6/9/14"
"The West Wing: Season 1: Celestial Navigation","6/9/14"
"The West Wing: Season 1: Take This Sabbath Day","6/8/14"
"The West Wing: Season 1: Take out the Trash Day","6/8/14"
"The West Wing: Season 1: 'He Shall, from Time to Time...'","6/8/14"
"The West Wing: Season 1: Lord John Marbury","6/8/14"
"American Dad!: Season 8: Killer Vacation","6/8/14"
"American Dad!: Season 8: Love, American Dad Style","6/8/14"
"American Dad!: Season 7: The Kidney Stays in the Picture","6/8/14"
"American Dad!: Season 7: Toy Whorey","6/8/14"
"American Dad!: Season 7: Stan's Best Friend","6/8/14"
"American Dad!: Season 7: Dr. Klaustus","6/8/14"
"American Dad!: Season 6: You Debt Your Life","6/8/14"
"American Dad!: Season 6: A Piñata Named Desire","6/8/14"
"The West Wing: Season 1: In Excelsis Deo","6/6/14"
"The West Wing: Season 1: The Short List","6/6/14"
"The West Wing: Season 1: Enemies","6/6/14"
"Archer: Season 4: Live and Let Dine","6/4/14"
"Bob's Burgers: Season 3: Nude Beach","6/4/14"
"Bob's Burgers: Season 3: Bob Rest Ye Merry Gentle-Mannequins","6/4/14"
"The West Wing: Season 1: The State Dinner","6/4/14"
"Bob's Burgers: Season 3: Tina-Rannosaurus Wrecks","6/4/14"
"The West Wing: Season 1: Mr. Willis of Ohio","6/4/14"
"The West Wing: Season 1: A Proportional Response","6/4/14"
"The West Wing: Season 1: The Crackpots and These Women","6/3/14"
"The West Wing: Season 1: Five Votes Down","6/3/14"
"The West Wing: Season 1: Post Hoc, Ergo Propter Hoc","6/1/14"
"The West Wing: Season 1: Pilot","6/1/14"
"The Fifth Element","5/31/14"
"Digimon: Digital Monsters: And So It Begins..","5/30/14"
"American Dad!: Season 8: Max Jets","5/30/14"
"American Dad!: Season 4: Daddy Queerest","5/30/14"
"Portlandia: Season 1: Baseball","5/21/14"
"Portlandia: Season 1: Blunderbuss","5/21/14"
"Portlandia: Season 1: Mayor Is Missing","5/21/14"
"Portlandia: Season 1: Aimee","5/20/14"
"Top Gear: Series 20: Episode 4","5/20/14"
"Portlandia: Season 1: A Song for Portland","5/18/14"
"Portlandia: Season 1: Farm","5/18/14"
"Top Gear: Series 20: Episode 3","5/18/14"
"Terror of Mechagodzilla","5/18/14"
"Malcolm in the Middle: Season 2: Traffic Jam","3/28/14"
"Malcolm in the Middle: Waterpark","3/28/14"
"Malcolm in the Middle: Smunday","3/28/14"
"Malcolm in the Middle: Bots and the Bees","3/28/14"
"Malcolm in the Middle: Roller Skates","3/28/14"
"Malcolm in the Middle: Cheerleader","3/28/14"
"Malcolm in the Middle: Funeral","3/28/14"
"Malcolm in the Middle: Stock Car Races","3/28/14"
"Malcolm in the Middle: Lois vs. Evil","3/28/14"
"Malcolm in the Middle: Krelboynet Picnic","3/14/14"
"Malcolm in the Middle: Sleepover","3/14/14"
"Malcolm in the Middle: Francis Escapes","3/14/14"
"Malcolm in the Middle: Malcolm Babysits","3/14/14"
"Malcolm in the Middle: Shame","3/14/14"
"Malcolm in the Middle: Home Alone 4","3/14/14"
"Malcolm in the Middle: Red Dress","3/14/14"
"Malcolm in the Middle: Pilot","3/14/14"
"Star Trek: The Next Generation: Hide and Q","3/14/14"
"Star Trek: The Next Generation: The Battle","3/14/14"
"Archer: Season 4: Once Bitten","3/14/14"
"Archer: Season 4: Viscous Coupling","3/14/14"
"Archer: Season 4: Midnight Ron","3/14/14"
"Archer: Season 4: Legs","3/14/14"
"Archer: Season 4: The Wind Cries Mary","3/14/14"
"Archer: Season 4: Fugue and Riffs","3/14/14"
"Pokémon The Series: Indigo League: The Breeding Center Secret","3/14/14"
"Pokémon The Series: Indigo League: The Ultimate Test","3/14/14"
"Pokémon The Series: Indigo League: Pokémon Paparazzi","3/14/14"
"Pokémon The Series: Indigo League: Battle Aboard the St. Anne","3/14/14"
"American Dad!: Season 4: Weiner of Our Discontent","3/6/14"
"American Dad!: Season 4: Every Which Way But Lose","3/6/14"
"American Dad!: Season 7: Wheels & the Legman and the Case of Grandpa's Key","3/6/14"
"American Dad!: Season 7: Ricky Spanish","3/6/14"
"American Dad!: Season 5: A Jones for a Smith","3/6/14"
"American Dad!: Season 5: Don't Look a Smith Horse in the Mouth","3/6/14"
"American Dad!: Season 5: Rapture's Delight","3/6/14"
"American Dad!: Season 6: For Whom the Sleigh Bell Tolls","3/6/14"
"Pokémon The Series: Indigo League: Electric Shock Showdown","3/6/14"
"Pokémon The Series: Indigo League: Mystery at the Lighthouse","3/6/14"
"Pokémon The Series: Indigo League: Here Comes the Squirtle Squad","3/6/14"
"Pokémon The Series: Indigo League: Charmander - The Stray Pokémon","3/6/14"
"Ghostbusters","3/6/14"
"Bronson","3/6/14"
"Orange Is the New Black: Season 1: I Wasn't Ready","2/28/14"
"Archer: Season 3: Space Race, Part 2","2/28/14"
"Archer: Season 3: Space Race, Part 1","2/28/14"
"Archer: Season 3: Skin Game","2/28/14"
"Archer: Season 3: Crossing Over","2/28/14"
"Archer: Season 3: Bloody Ferlin","2/28/14"
"Archer: Season 3: Lo Scandalo","2/28/14"
"Archer: Season 3: Drift Problem","2/27/14"
"Archer: Season 3: The Limited","2/27/14"
"Archer: Season 3: El Contador","2/27/14"
"American Dad!: Season 6: Stan's Food Restaurant","2/27/14"
"It's Always Sunny in Philadelphia: Season 5: The Gang Reignites the Rivalry","2/22/14"
"It's Always Sunny in Philadelphia: Season 5: Mac and Charlie Write a Movie","2/22/14"
"Futurama: Season 10: Game of Tones","2/18/14"
"Futurama: Season 10: Leela and the Genestalk","2/18/14"
"Futurama: Season 10: Assie Come Home","2/18/14"
"Futurama: Season 10: Calculon 2.0","2/18/14"
"Futurama: Season 10: Saturday Morning Fun Pit","2/18/14"
"Resident Evil","2/17/14"
"Futurama: Season 10: The Inhuman Torch","2/17/14"
"Futurama: Season 8: Ghost in the Machines","2/17/14"
"30 Rock: Season 5: Live Show: West Coast Version","2/15/14"
"30 Rock: Season 6: The Tuxedo Begins","2/15/14"
"Futurama: Season 8: The Tip of the Zoidberg","2/15/14"
"Futurama: Season 8: Benderama","2/15/14"
"Futurama: Season 8: Law & Oracle","2/15/14"
"Jimmy Neutron: Boy Genius","2/15/14"
"Futurama: Season 8: Mobius Dick","2/15/14"
"Futurama: Season 2: A Head in the Polls","2/15/14"
"Airplane!","2/11/14"
"Sherlock: The Blind Banker","1/22/14"
"Sherlock: A Study in Pink","1/22/14"
"Futurama: Season 2: Brannigan, Begin Again","1/13/14"
"Futurama: Season 2: I Second That Emotion","1/13/14"
"Futurama: Season 2: Fry and the Slurm Factory","1/13/14"
"Saturday Night Live: The 2010s: Season 37: Daniel Radcliffe/Lana Del Ray","1/13/14"
"Atlantis: The Lost Empire","1/13/14"
"Top Gear: Series 19: Episode 1","1/13/14"
"Doctor Who: Season 6: The Rebel Flesh","1/13/14"
"Doctor Who: Season 6: The Doctor's Wife","1/13/14"
"Doctor Who: Season 6: The Curse of the Black Spot","1/13/14"
"Top Gear: Series 19: Episode 4","1/13/14"
"Top Gear: Series 19: Episode 3","1/12/14"
"Top Gear: Series 19: Episode 2","1/12/14"
"Top Gear: Series 2: Episode 4","1/12/14"
"30 Rock: Season 6: Today You Are a Man","1/12/14"
"30 Rock: Season 6: Idiots Are People Three!","1/12/14"
"30 Rock: Season 6: The Ballad of Kenneth Parcell","1/12/14"
"30 Rock: Season 6: Idiots Are People Two!","1/12/14"
"Top Gear: Series 2: Episode 3","1/11/14"
"Top Gear: Series 2: Episode 2","1/11/14"
"Top Gear: Series 2: Episode 1","1/11/14"
"Doctor Who: Season 6: Day of the Moon","1/11/14"
"Doctor Who: Season 6: The Impossible Astronaut","1/11/14"
"Doctor Who: Season 5: The Big Bang","1/11/14"
"Fireplace for Your Home: Crackling Fireplace with Music","1/10/14"
"Futurama: Season 2: When Aliens Attack","1/10/14"
"Futurama: Season 2: Mars University","1/10/14"
"Futurama: Season 2: A Flight to Remember","1/10/14"
"Futurama: Season 10: Forty Percent Leadbelly","1/7/14"
"Futurama: Season 10: Fry and Leela's Big Fling","1/7/14"
"Futurama: Season 10: 2-D Blacktop","1/7/14"
"The Twilight Zone (Original Series): Third from the Sun","12/20/13"
"The Twilight Zone (Original Series): The Four of Us Are Dying","12/20/13"
"The Twilight Zone (Original Series): What You Need","12/20/13"
"The Twilight Zone (Original Series): And When the Sky Was Opened","12/20/13"
"The Twilight Zone (Original Series): Season 2: The Invaders","12/20/13"
"The Twilight Zone (Original Series): Season 2: Eye of the Beholder","12/20/13"
"Deadly Women: Season 2: Fatal Attraction","12/20/13"
"Deadly Women: Season 2: Thrill Killers","12/20/13"
"My Cat from Hell: Wildcat!","12/17/13"
"My Cat from Hell: Fifi's Ruining My Love Life","12/17/13"
"My Cat from Hell: He Hates My Boyfriend","12/17/13"
"Wilfred: Season 2: Secrets","12/17/13"
"Wilfred: Season 2: Resentment","12/17/13"
"Wilfred: Season 2: Questions","12/17/13"
"Wilfred: Season 2: Honesty","12/17/13"
"Futurama: Season 10: Meanwhile","12/17/13"
"Futurama: Season 10: Stench and Stenchibility","12/17/13"
"Futurama: Season 9: The Bots and the Bees","12/17/13"
"Futurama: Space Pilot 3000","12/17/13"
"Wilfred: Season 2: Service","12/17/13"
"Wilfred: Season 2: Truth","12/17/13"
"Wilfred: Season 2: Avoidance","12/17/13"
"Wilfred: Season 2: Control","12/17/13"
"Wilfred: Season 2: Now","12/17/13"
"Wilfred: Season 2: Guilt","12/17/13"
"Fireplace for Your Home: Crackling Fireplace","12/17/13"
"The Whitest Kids U' Know: Season 5: Episode 3","12/17/13"
"The Whitest Kids U' Know: Season 5: Episode 2","12/17/13"
"The Whitest Kids U' Know: Season 5: Episode 1","12/17/13"
"American Horror Story: Asylum: Madness Ends","12/17/13"
"Arrested Development: Season 4: Flight of the Phoenix","12/15/13"
"Weed Wars: Harborside's Alternative 4/20 Celebration","12/14/13"
"Weed Wars: Harborside's Employee Betrayal","12/14/13"
"Weed Wars: Federal Crackdown","12/14/13"
"Futurama: Season 10: T.: The Terrestrial","12/14/13"
"Weed Wars: World's Largest Medical Marijuana Dispensary","12/9/13"
"Doctor Who: Season 5: The Hungry Earth","12/8/13"
"Doctor Who: Season 5: Amy's Choice","12/8/13"
"Doctor Who: Season 5: The Vampires of Venice","12/8/13"
"Doctor Who: Season 5: The Time of Angels","12/8/13"
"Breaking Bad: Season 4: Bullet Points","11/30/13"
"Primer","11/23/13"
"Family Guy: Season 9: Welcome Back Carter","11/21/13"
"Family Guy: Death Has a Shadow","11/21/13"
"Doctor Who: Rose","11/21/13"
"Supernatural: Season 6: Family Matters","11/9/13"
"Supernatural: Season 6: You Can't Handle the Truth","11/9/13"
"Supernatural: Season 6: Live Free or Twi-hard","11/9/13"
"Cake Boss: A Bride, A Boat & Bamboozled!","11/8/13"
"Survivors: Episode  5","11/2/13"
"Survivors: Episode  4","11/2/13"
"Survivors: Episode  3","11/2/13"
"Louie: Pilot","11/1/13"
"Parks and Recreation: Season 2: Christmas Scandal","10/28/13"
"Parks and Recreation: Season 2: Tom's Divorce","10/28/13"
"Parks and Recreation: Season 2: Hunting Trip","10/28/13"
"Reefer Madness","10/28/13"
"American Horror Story: Murder House: Halloween Part 1","10/22/13"
"American Horror Story: Murder House: Murder House","10/22/13"
"American Horror Story: Murder House: Home Invasion","10/22/13"
"American Horror Story: Murder House: Pilot","10/22/13"
"Archer: Training Day","10/14/13"
"Archer: Pilot: Mole Hunt","10/14/13"
"Zoolander","10/8/13"
"Wilfred: Season 2: Dignity","10/1/13"
"Wilfred: Season 2: Letting Go","10/1/13"
"Wilfred: Happiness","9/24/13"
"Futurama: Season 2: The Deep South","9/24/13"
